,title,price,link
0,"Lenovo V14
                                        Intel Core i5 13th Gen 14"" FHD (1920x1080) Antiglare 250 Nits Thin and Light
                                        Laptop (16GB RAM/512GB SSD/Windows 11 Home/Office 2024/Iron Grey/1.43 kg),
                                        83A0A0PTIN","47,990",https://amazon.in//Lenovo-1920x1080-Antiglare-Windows-83A0A0PTIN/dp/B0FNS3DM56/ref=sr_1_17?crid=BRIHOKR3DFIP&dib=eyJ2IjoiMSJ9.-pHuGMubnTtFejBeRwkv1C4crEoIRwv2OU-aWS3tnqXm7HdolD6Q19RHeZzkjdsGjtBWOyVTqKrsHD4uonBjNOprilriFE2Bl-gew3JQ8evR_k79vGGXZiX9kMZji4cJmbIHMP8ce4uWEliMe_-BwHBOjnFfzM1xclE5EzSJHOQ-ASGH2o5qTP77SrLucqtE7C-36zc2ykPLQjQ7wmE2hVsSAxYuQoYCTml-m61d_Os.ANsOfbTzTxfFEtfqwU1kjEJ59PKTss72wiCJiQ1dd5Q&dib_tag=se&keywords=laptop&qid=1762966204&sprefix=lap%2Caps%2C866&sr=8-17
1,"Lenovo IdeaPad Slim 3 13th Gen Intel Core i5-13420H 15.3""(38.8cm) WUXGA IPS Laptop(16GB RAM/512GB SSD/Win 11/Office Home 2024/Backlit/1Yr ADP Free/Top Metal Cover & IR Camera/Grey/1.6Kg), 83K100CGIN","55,951",https://amazon.in//Lenovo-IdeaPad-i5-13420H-Backlit-83K100CGIN/dp/B0F637DPFW/ref=sr_1_18?crid=BRIHOKR3DFIP&dib=eyJ2IjoiMSJ9.-pHuGMubnTtFejBeRwkv1C4crEoIRwv2OU-aWS3tnqXm7HdolD6Q19RHeZzkjdsGjtBWOyVTqKrsHD4uonBjNOprilriFE2Bl-gew3JQ8evR_k79vGGXZiX9kMZji4cJmbIHMP8ce4uWEliMe_-BwHBOjnFfzM1xclE5EzSJHOQ-ASGH2o5qTP77SrLucqtE7C-36zc2ykPLQjQ7wmE2hVsSAxYuQoYCTml-m61d_Os.ANsOfbTzTxfFEtfqwU1kjEJ59PKTss72wiCJiQ1dd5Q&dib_tag=se&keywords=laptop&qid=1762966204&sprefix=lap%2Caps%2C866&sr=8-18
2,"acer Aspire Go 14, Intel Core Ultra 5 125H (14th Gen),16GB DDR5 RAM/512GB SSD, WUXGA IPS, 14.0""/35.56 cm, Win 11, MS Office, Steel Gray, 1.5 kg, AG14-71M,Backlit Keyboard, AI Powered Premium Laptop","57,999",https://amazon.in//acer-AG14-71M-Backlit-Keyboard-Powered/dp/B0FDL57MKD/ref=sr_1_27?crid=BRIHOKR3DFIP&dib=eyJ2IjoiMSJ9.-pHuGMubnTtFejBeRwkv1C4crEoIRwv2OU-aWS3tnqXm7HdolD6Q19RHeZzkjdsGjtBWOyVTqKrsHD4uonBjNOprilriFE2Bl-gew3JQ8evR_k79vGGXZiX9kMZji4cJmbIHMP8ce4uWEliMe_-BwHBOjnFfzM1xclE5EzSJHOQ-ASGH2o5qTP77SrLucqtE7C-36zc2ykPLQjQ7wmE2hVsSAxYuQoYCTml-m61d_Os.ANsOfbTzTxfFEtfqwU1kjEJ59PKTss72wiCJiQ1dd5Q&dib_tag=se&keywords=laptop&qid=1762966204&sprefix=lap%2Caps%2C866&sr=8-27
3,"Lenovo IdeaPad Slim 5 Ryzen 7 7735HS (16GB RAM/512GB SSD/Integrated AMD Radeon 680M Graphics/WUXGA IPS Display/13.3"" (33.7cm)/Windows 11/Office Home 2024/Backlit KB/Grey/1.15Kg), 83J2000HIN Laptop","59,699",https://amazon.in//Lenovo-IdeaPad-Integrated-Graphics-83J2000HIN/dp/B0DVGF96B4/ref=sr_1_123?crid=BRIHOKR3DFIP&dib=eyJ2IjoiMSJ9.f3Z6J48oYWTu16dqgoOT4nl2nHeEGUP9apeq2NtUss1-uCO5roBxhtLx7djmAELGkvSifwBBq-OayNzYyBSB2dqt38c0Yo3IrifSrgIHNbJo788xBVSOFaNEfg3BCgq2c-pMMp57s3f_NwBbfPB-0UXXNrGxb2JQicc-aZ4pwD06u6ihqLzhAMJxKFhETKSWxVLcRb9copQ_2Z0-P9vxWuJlbVXUzanFlUSSRrcb9kA.qygJ5vygXwHy-L_H-JS-sLZcbIKfdYfZIcGThPW8fDg&dib_tag=se&keywords=laptop&qid=1762966254&sprefix=lap%2Caps%2C866&sr=8-123
4,"Primebook 2 Max 2025 (New Launch) | 8GB RAM, 256GB UFS Storage | 15.6-Inch Full HD IPS Display | 12hrs Battery | MediaTek Helio G99 | Android 15 (PrimeOS 3.0) | Backlit Keyboard | in-Built AI","20,990",https://amazon.in//Primebook-Storage-15-6-Inch-MediaTek-Keyboard/dp/B0FFMQB3KL/ref=sr_1_125?crid=BRIHOKR3DFIP&dib=eyJ2IjoiMSJ9.f3Z6J48oYWTu16dqgoOT4nl2nHeEGUP9apeq2NtUss1-uCO5roBxhtLx7djmAELGkvSifwBBq-OayNzYyBSB2dqt38c0Yo3IrifSrgIHNbJo788xBVSOFaNEfg3BCgq2c-pMMp57s3f_NwBbfPB-0UXXNrGxb2JQicc-aZ4pwD06u6ihqLzhAMJxKFhETKSWxVLcRb9copQ_2Z0-P9vxWuJlbVXUzanFlUSSRrcb9kA.qygJ5vygXwHy-L_H-JS-sLZcbIKfdYfZIcGThPW8fDg&dib_tag=se&keywords=laptop&qid=1762966254&sprefix=lap%2Caps%2C866&sr=8-125
5,"Acer Aspire Lite, Intel Core i3 13th Gen - 1305U, 16GB RAM, 512GB SSD, Full HD 15.6""/39.62 cm, Windows 11 Home, Steel Gray, 1.59 KG, AL15-53, Metal Body, 36 WHR, Thin and Light Premium Laptop","34,990",https://amazon.in//Acer-Aspire-Lite-Intel-Core/dp/B0DKK15M2P/ref=sr_1_126?crid=BRIHOKR3DFIP&dib=eyJ2IjoiMSJ9.f3Z6J48oYWTu16dqgoOT4nl2nHeEGUP9apeq2NtUss1-uCO5roBxhtLx7djmAELGkvSifwBBq-OayNzYyBSB2dqt38c0Yo3IrifSrgIHNbJo788xBVSOFaNEfg3BCgq2c-pMMp57s3f_NwBbfPB-0UXXNrGxb2JQicc-aZ4pwD06u6ihqLzhAMJxKFhETKSWxVLcRb9copQ_2Z0-P9vxWuJlbVXUzanFlUSSRrcb9kA.qygJ5vygXwHy-L_H-JS-sLZcbIKfdYfZIcGThPW8fDg&dib_tag=se&keywords=laptop&qid=1762966254&sprefix=lap%2Caps%2C866&sr=8-126
6,"Lenovo V15 Intel Celeron N4500 15.6"" (39.62 cm) FHD (1920x1080) Antiglare 250 Nits Thin and Light Laptop (8GB RAM/256GB SSD/Windows 11 Home/Black/1Y Onsite/1.7 kg), 82QYA00MIN","24,990",https://amazon.in//Lenovo-Celeron-1920x1080-Antiglare-82QYA00MIN/dp/B0C28FKJXG/ref=sr_1_128?crid=BRIHOKR3DFIP&dib=eyJ2IjoiMSJ9.f3Z6J48oYWTu16dqgoOT4nl2nHeEGUP9apeq2NtUss1-uCO5roBxhtLx7djmAELGkvSifwBBq-OayNzYyBSB2dqt38c0Yo3IrifSrgIHNbJo788xBVSOFaNEfg3BCgq2c-pMMp57s3f_NwBbfPB-0UXXNrGxb2JQicc-aZ4pwD06u6ihqLzhAMJxKFhETKSWxVLcRb9copQ_2Z0-P9vxWuJlbVXUzanFlUSSRrcb9kA.qygJ5vygXwHy-L_H-JS-sLZcbIKfdYfZIcGThPW8fDg&dib_tag=se&keywords=laptop&qid=1762966254&sprefix=lap%2Caps%2C866&sr=8-128
7,Timus Berlin Black Professional Laptop Bag for Men & Women 23 L with 15.6 Inch Laptop Compartment | Water resistant with USB Port Anti-Theft Backpack| Premium Polyester Fabric,"5,880",https://amazon.in//sspa/click?ie=UTF8&spc=MTo0NDEzNzU4OTIyMzAwNTcyOjE3NjI5NjYyNTQ6c3Bfc2VhcmNoX3RoZW1hdGljX2J0ZjozMDA3Njc0MDY2ODcxMzI6OjA6Og&url=%2FTimus-Repellent-Anti-Theft-Backpack-Professionals%2Fdp%2FB0CRBDFM2V%2Fref%3Dsxbs_pa_sp_search_thematic_btf_sspa%3Fcontent-id%3Damzn1.sym.1ee134bc-32b2-41b4-b087-995ae57bc094%253Aamzn1.sym.1ee134bc-32b2-41b4-b087-995ae57bc094%26crid%3DBRIHOKR3DFIP%26cv_ct_cx%3Dlaptop%26keywords%3Dlaptop%26pd_rd_i%3DB0CRBDFM2V%26pd_rd_r%3Dbe6d8922-91cd-4a4b-bd89-cabc4dd63cca%26pd_rd_w%3DEqR0K%26pd_rd_wg%3DTT2tL%26pf_rd_p%3D1ee134bc-32b2-41b4-b087-995ae57bc094%26pf_rd_r%3D4A5CV7KEKBJ0W1XMWAGJ%26qid%3D1762966254%26sbo%3DRZvfv%252F%252FHxDF%252BO5021pAnSA%253D%253D%26sprefix%3Dlap%252Caps%252C866%26sr%3D1-113-39d2cf51-924d-44a4-921d-0c8fa4cce3c9-spons%26aref%3DMademS1wlC%26sp_csd%3Dd2lkZ2V0TmFtZT1zcF9zZWFyY2hfdGhlbWF0aWNfYnRm%26psc%3D1&aref=MademS1wlC&sp_cr=ZAZ
8,Pramadda Pure Luxury Vegan Leather 15.6 inch laptop messenger office bag for men and women | Premium Corporate Crossbody Shoulder Handbags | Corporate Gift item,"1,399",https://amazon.in//sspa/click?ie=UTF8&spc=MTo0NDEzNzU4OTIyMzAwNTcyOjE3NjI5NjYyNTQ6c3Bfc2VhcmNoX3RoZW1hdGljX2J0ZjozMDA1OTY2OTAzNTMwMzI6OjE6Og&url=%2FPramadda-Pure-Luxury-messenger-Corporate%2Fdp%2FB0D3PWJLM8%2Fref%3Dsxbs_pa_sp_search_thematic_btf_sspa%3Fcontent-id%3Damzn1.sym.1ee134bc-32b2-41b4-b087-995ae57bc094%253Aamzn1.sym.1ee134bc-32b2-41b4-b087-995ae57bc094%26crid%3DBRIHOKR3DFIP%26cv_ct_cx%3Dlaptop%26keywords%3Dlaptop%26pd_rd_i%3DB0D3PWJLM8%26pd_rd_r%3Dbe6d8922-91cd-4a4b-bd89-cabc4dd63cca%26pd_rd_w%3DEqR0K%26pd_rd_wg%3DTT2tL%26pf_rd_p%3D1ee134bc-32b2-41b4-b087-995ae57bc094%26pf_rd_r%3D4A5CV7KEKBJ0W1XMWAGJ%26qid%3D1762966254%26sbo%3DRZvfv%252F%252FHxDF%252BO5021pAnSA%253D%253D%26sprefix%3Dlap%252Caps%252C866%26sr%3D1-114-39d2cf51-924d-44a4-921d-0c8fa4cce3c9-spons%26aref%3DvfBWsU6fZA%26sp_csd%3Dd2lkZ2V0TmFtZT1zcF9zZWFyY2hfdGhlbWF0aWNfYnRm%26psc%3D1&aref=vfBWsU6fZA&sp_cr=ZAZ
9,Timus Tokyo Black Professional Laptop Backpack for Men & Women 28 L with 15.6 Inch Laptop Compartment | Water resistant with USB Port Anti-Theft Bag | Premium Polyester Fabric,"5,594",https://amazon.in//sspa/click?ie=UTF8&spc=MTo0NDEzNzU4OTIyMzAwNTcyOjE3NjI5NjYyNTQ6c3Bfc2VhcmNoX3RoZW1hdGljX2J0ZjozMDA3NjczMjA0ODg1MzI6OjI6Og&url=%2FTimus-Backpack-Digital-Compartment-Polyester%2Fdp%2FB0CRDRHKLQ%2Fref%3Dsxbs_pa_sp_search_thematic_btf_sspa%3Fcontent-id%3Damzn1.sym.1ee134bc-32b2-41b4-b087-995ae57bc094%253Aamzn1.sym.1ee134bc-32b2-41b4-b087-995ae57bc094%26crid%3DBRIHOKR3DFIP%26cv_ct_cx%3Dlaptop%26keywords%3Dlaptop%26pd_rd_i%3DB0CRDRHKLQ%26pd_rd_r%3Dbe6d8922-91cd-4a4b-bd89-cabc4dd63cca%26pd_rd_w%3DEqR0K%26pd_rd_wg%3DTT2tL%26pf_rd_p%3D1ee134bc-32b2-41b4-b087-995ae57bc094%26pf_rd_r%3D4A5CV7KEKBJ0W1XMWAGJ%26qid%3D1762966254%26sbo%3DRZvfv%252F%252FHxDF%252BO5021pAnSA%253D%253D%26sprefix%3Dlap%252Caps%252C866%26sr%3D1-115-39d2cf51-924d-44a4-921d-0c8fa4cce3c9-spons%26aref%3D207iRjFO33%26sp_csd%3Dd2lkZ2V0TmFtZT1zcF9zZWFyY2hfdGhlbWF0aWNfYnRm%26psc%3D1&aref=207iRjFO33&sp_cr=ZAZ
10,DailyObjects Zippered Sleeve for MacBook & Laptop 11 Inch | Solid Burgundy PU Leather Sleeves with Inner Lining | Durable Stylish Light Weight Sleek Design with Zip Closure,899,https://amazon.in//sspa/click?ie=UTF8&spc=MTo0NDEzNzU4OTIyMzAwNTcyOjE3NjI5NjYyNTQ6c3Bfc2VhcmNoX3RoZW1hdGljX2J0ZjozMDAxOTA3MDA4ODE4MzI6OjM6Og&url=%2FDailyObjects-Burgundy-Leather-Zippered-MacBook%2Fdp%2FB082R8MJCQ%2Fref%3Dsxbs_pa_sp_search_thematic_btf_sspa%3Fcontent-id%3Damzn1.sym.1ee134bc-32b2-41b4-b087-995ae57bc094%253Aamzn1.sym.1ee134bc-32b2-41b4-b087-995ae57bc094%26crid%3DBRIHOKR3DFIP%26cv_ct_cx%3Dlaptop%26keywords%3Dlaptop%26pd_rd_i%3DB082R8MJCQ%26pd_rd_r%3Dbe6d8922-91cd-4a4b-bd89-cabc4dd63cca%26pd_rd_w%3DEqR0K%26pd_rd_wg%3DTT2tL%26pf_rd_p%3D1ee134bc-32b2-41b4-b087-995ae57bc094%26pf_rd_r%3D4A5CV7KEKBJ0W1XMWAGJ%26qid%3D1762966254%26sbo%3DRZvfv%252F%252FHxDF%252BO5021pAnSA%253D%253D%26sprefix%3Dlap%252Caps%252C866%26sr%3D1-116-39d2cf51-924d-44a4-921d-0c8fa4cce3c9-spons%26aref%3D2zusrtqXFs%26sp_csd%3Dd2lkZ2V0TmFtZT1zcF9zZWFyY2hfdGhlbWF0aWNfYnRm%26psc%3D1&aref=2zusrtqXFs&sp_cr=ZAZ
11,"ASUS Vivobook 14, Intel Core i3 13th Gen 1315U, 8GB RAM, 512GB SSD, FHD 14"", Windows 11, Office Home 2024, Cool Silver, 1.40kg, X1404VA-NK761WS, Intel UHD, M365 Basic (1Year)*, Backlit Keyboard Laptop","34,750",https://amazon.in//ASUS-Vivobook-i3-1315U-Processor-X1404VA-NK761WS/dp/B0DTYF29BG/ref=sr_1_28?crid=BRIHOKR3DFIP&dib=eyJ2IjoiMSJ9.-pHuGMubnTtFejBeRwkv1C4crEoIRwv2OU-aWS3tnqXm7HdolD6Q19RHeZzkjdsGjtBWOyVTqKrsHD4uonBjNOprilriFE2Bl-gew3JQ8evR_k79vGGXZiX9kMZji4cJmbIHMP8ce4uWEliMe_-BwHBOjnFfzM1xclE5EzSJHOQ-ASGH2o5qTP77SrLucqtE7C-36zc2ykPLQjQ7wmE2hVsSAxYuQoYCTml-m61d_Os.ANsOfbTzTxfFEtfqwU1kjEJ59PKTss72wiCJiQ1dd5Q&dib_tag=se&keywords=laptop&qid=1762966204&sprefix=lap%2Caps%2C866&sr=8-28
12,DailyObjects PET Ambit Messenger Bag for Office & Daily Use| 100% Recycled | Stylish Shoulder Travel Bag | Fit any Laptop Upto 14 Inch | Multifunctional Adjustable Straps & G-Hook closure,"4,498.",https://amazon.in//sspa/click?ie=UTF8&spc=MTo0NDEzNzU4OTIyMzAwNTcyOjE3NjI5NjYyNTQ6c3Bfc2VhcmNoX3RoZW1hdGljX2J0ZjozMDA2MjMwOTQzODY1MzI6OjQ6Og&url=%2FDailyObjects-Messenger-Lightweight-Resistant-Adjustable%2Fdp%2FB0F849GR97%2Fref%3Dsxbs_pa_sp_search_thematic_btf_sspa%3Fcontent-id%3Damzn1.sym.1ee134bc-32b2-41b4-b087-995ae57bc094%253Aamzn1.sym.1ee134bc-32b2-41b4-b087-995ae57bc094%26crid%3DBRIHOKR3DFIP%26cv_ct_cx%3Dlaptop%26keywords%3Dlaptop%26pd_rd_i%3DB0F849GR97%26pd_rd_r%3Dbe6d8922-91cd-4a4b-bd89-cabc4dd63cca%26pd_rd_w%3DEqR0K%26pd_rd_wg%3DTT2tL%26pf_rd_p%3D1ee134bc-32b2-41b4-b087-995ae57bc094%26pf_rd_r%3D4A5CV7KEKBJ0W1XMWAGJ%26qid%3D1762966254%26sbo%3DRZvfv%252F%252FHxDF%252BO5021pAnSA%253D%253D%26sprefix%3Dlap%252Caps%252C866%26sr%3D1-117-39d2cf51-924d-44a4-921d-0c8fa4cce3c9-spons%26aref%3DDU0p4Jgf30%26sp_csd%3Dd2lkZ2V0TmFtZT1zcF9zZWFyY2hfdGhlbWF0aWNfYnRm%26psc%3D1&aref=DU0p4Jgf30&sp_cr=ZAZ
13,"Dell 15 Intel Core i5 13th Gen - 1334U, 16GB DDR4 RAM, 512GB SSD, FHD 15.6""/39.62 cm, Windows 11, MSO'21, Grey, 1.66kg, 120Hz 250 nits Display, 15 Month McAfee, Thin & Light Laptop","52,748",https://amazon.in//Dell-Intel-Core-13th-Gen/dp/B0D2Y1BLDT/ref=sr_1_129?crid=BRIHOKR3DFIP&dib=eyJ2IjoiMSJ9.6CN7hMeL3khuMNi49jlU6hfFakG5szXxr0S3Pq7aVXr8xbNodFmQ_BFpgFUkZole30h-jhLCUJnYvzp8Zf5h-Sz1grvV_K_bM0r2PRC5MRPi7wpERJxaiVK_en07r-s1nzRc6FClZPOn1o3Yk801ywPg5pRIRqReWmmY_uGoWMKrvLJSabnrhYSic9VkRHdi-cPkhjMwkdVe2HSrrZfehWCx-G0KuKCzLFPKb7WmCm0.XgKLLxl437ymHv-ck6sLE1beSVLdWNTtN7E6RP1wTqM&dib_tag=se&keywords=laptop&qid=1762966261&sprefix=lap%2Caps%2C866&sr=8-129
14,"EDNITA Mini Laptop Stand for Desk | Portable Metal PC Desk Stand, Aluminium Cooling Pad Mini Clip Compatible with MacBook Apple Laptop, Lenovo, Dell, Hp, Acer & Other Laptops Pack of-2 (Silver)",197,https://amazon.in//EDNITA-Portable-Aluminium-Cooling-Compatible/dp/B0D7Z944C7/ref=sr_1_131?crid=BRIHOKR3DFIP&dib=eyJ2IjoiMSJ9.6CN7hMeL3khuMNi49jlU6hfFakG5szXxr0S3Pq7aVXr8xbNodFmQ_BFpgFUkZole30h-jhLCUJnYvzp8Zf5h-Sz1grvV_K_bM0r2PRC5MRPi7wpERJxaiVK_en07r-s1nzRc6FClZPOn1o3Yk801ywPg5pRIRqReWmmY_uGoWMKrvLJSabnrhYSic9VkRHdi-cPkhjMwkdVe2HSrrZfehWCx-G0KuKCzLFPKb7WmCm0.XgKLLxl437ymHv-ck6sLE1beSVLdWNTtN7E6RP1wTqM&dib_tag=se&keywords=laptop&qid=1762966261&sprefix=lap%2Caps%2C866&sr=8-131
15,"HP Victus, 12th Gen Intel Core i5-12450H, RTX 3050 (16GB DDR4, 512GB SSD) FHD, IPS, 144Hz, 15.6""/39.6cm, Win 11, Office 21, Blue, 2.3kg, fa1379TX/fa1412tx, B&O Audio, Backlit Gaming Laptop","60,490",https://amazon.in//HP-i5-12450H-15-6-inch-Backlit-fa1379TX/dp/B0D81CP85D/ref=sr_1_132?crid=BRIHOKR3DFIP&dib=eyJ2IjoiMSJ9.6CN7hMeL3khuMNi49jlU6hfFakG5szXxr0S3Pq7aVXr8xbNodFmQ_BFpgFUkZole30h-jhLCUJnYvzp8Zf5h-Sz1grvV_K_bM0r2PRC5MRPi7wpERJxaiVK_en07r-s1nzRc6FClZPOn1o3Yk801ywPg5pRIRqReWmmY_uGoWMKrvLJSabnrhYSic9VkRHdi-cPkhjMwkdVe2HSrrZfehWCx-G0KuKCzLFPKb7WmCm0.XgKLLxl437ymHv-ck6sLE1beSVLdWNTtN7E6RP1wTqM&dib_tag=se&keywords=laptop&qid=1762966261&sprefix=lap%2Caps%2C866&sr=8-132
16,"Microsoft New Surface Pro (11Th Edition) - Windows 11 Home Copilot + Pc - 13"" LCD Pixelsense Touchscreen - Qualcomm Snapdragon X Plus (10 Core,Wi-Fi) - 16Gb Ram - 256Gb Ssd - Platinum - ZHX-00014","1,13,990",https://amazon.in//Microsoft-New-Surface-Pro-11Th/dp/B0D926JN5N/ref=sr_1_133?crid=BRIHOKR3DFIP&dib=eyJ2IjoiMSJ9.6CN7hMeL3khuMNi49jlU6hfFakG5szXxr0S3Pq7aVXr8xbNodFmQ_BFpgFUkZole30h-jhLCUJnYvzp8Zf5h-Sz1grvV_K_bM0r2PRC5MRPi7wpERJxaiVK_en07r-s1nzRc6FClZPOn1o3Yk801ywPg5pRIRqReWmmY_uGoWMKrvLJSabnrhYSic9VkRHdi-cPkhjMwkdVe2HSrrZfehWCx-G0KuKCzLFPKb7WmCm0.XgKLLxl437ymHv-ck6sLE1beSVLdWNTtN7E6RP1wTqM&dib_tag=se&keywords=laptop&qid=1762966261&sprefix=lap%2Caps%2C866&sr=8-133
17,"acer TravelLite Smart FHD TL04-51M Laptop, Intel Core i5 1334u 13th Gen 8 Core with 8GB Ram / 512GB NVMe SSD/Intel Iris Xe Graphics/Windows 11/14 Inch / 1 Year Brand Warranty","38,980",https://amazon.in//acer-TravelLite-TL04-51M-Graphics-Warranty/dp/B082YFPNLW/ref=sr_1_134?crid=BRIHOKR3DFIP&dib=eyJ2IjoiMSJ9.6CN7hMeL3khuMNi49jlU6hfFakG5szXxr0S3Pq7aVXr8xbNodFmQ_BFpgFUkZole30h-jhLCUJnYvzp8Zf5h-Sz1grvV_K_bM0r2PRC5MRPi7wpERJxaiVK_en07r-s1nzRc6FClZPOn1o3Yk801ywPg5pRIRqReWmmY_uGoWMKrvLJSabnrhYSic9VkRHdi-cPkhjMwkdVe2HSrrZfehWCx-G0KuKCzLFPKb7WmCm0.XgKLLxl437ymHv-ck6sLE1beSVLdWNTtN7E6RP1wTqM&dib_tag=se&keywords=laptop&qid=1762966261&sprefix=lap%2Caps%2C866&sr=8-134
18,"Lenovo V15 G4 (2024), AMD Ryzen 3 7320U Quad Core - (8GB/512GB SSD/AMD Radeon Graphics/Windows 11 Pro) Thin and Light Business Laptop/15.6"" FHD Display/Arctic Grey/1.57 kg/MS Office 2021","29,980",https://amazon.in//Lenovo-V15-Ryzen-7320U-Quad/dp/B0DHFSN5M7/ref=sr_1_135?crid=BRIHOKR3DFIP&dib=eyJ2IjoiMSJ9.6CN7hMeL3khuMNi49jlU6hfFakG5szXxr0S3Pq7aVXr8xbNodFmQ_BFpgFUkZole30h-jhLCUJnYvzp8Zf5h-Sz1grvV_K_bM0r2PRC5MRPi7wpERJxaiVK_en07r-s1nzRc6FClZPOn1o3Yk801ywPg5pRIRqReWmmY_uGoWMKrvLJSabnrhYSic9VkRHdi-cPkhjMwkdVe2HSrrZfehWCx-G0KuKCzLFPKb7WmCm0.XgKLLxl437ymHv-ck6sLE1beSVLdWNTtN7E6RP1wTqM&dib_tag=se&keywords=laptop&qid=1762966261&sprefix=lap%2Caps%2C866&sr=8-135
19,"Lenovo IdeaPad Slim 1 AMD Ryzen 5 5500U 15.6"" HD Thin and Light Laptop (16GB/512GB SSD/Integrated AMD Graphics/Windows 11 Home/MSO 21/1Yr ADP Free/Cloud Grey/1.61Kg), 82R400ERIN","35,940",https://amazon.in//Lenovo-IdeaPad-Laptop-Windows-82R400ERIN/dp/B0CP2KRYLM/ref=sr_1_136?crid=BRIHOKR3DFIP&dib=eyJ2IjoiMSJ9.6CN7hMeL3khuMNi49jlU6hfFakG5szXxr0S3Pq7aVXr8xbNodFmQ_BFpgFUkZole30h-jhLCUJnYvzp8Zf5h-Sz1grvV_K_bM0r2PRC5MRPi7wpERJxaiVK_en07r-s1nzRc6FClZPOn1o3Yk801ywPg5pRIRqReWmmY_uGoWMKrvLJSabnrhYSic9VkRHdi-cPkhjMwkdVe2HSrrZfehWCx-G0KuKCzLFPKb7WmCm0.XgKLLxl437ymHv-ck6sLE1beSVLdWNTtN7E6RP1wTqM&dib_tag=se&keywords=laptop&qid=1762966261&sprefix=lap%2Caps%2C866&sr=8-136
20,"Lenovo 15 (2025), Intel Celeron Dual Core N4500 - (8 GB/256 GB SSD/Intel UHD Graphics/Windows 11 Home) Thin and Light Business Laptop/15.6"" FHD Display/Black/1.6 kg/MS Office 2021","24,999",https://amazon.in//Lenovo-15-Intel-Celeron-N4500/dp/B0F6LK392D/ref=sr_1_137?crid=BRIHOKR3DFIP&dib=eyJ2IjoiMSJ9.6CN7hMeL3khuMNi49jlU6hfFakG5szXxr0S3Pq7aVXr8xbNodFmQ_BFpgFUkZole30h-jhLCUJnYvzp8Zf5h-Sz1grvV_K_bM0r2PRC5MRPi7wpERJxaiVK_en07r-s1nzRc6FClZPOn1o3Yk801ywPg5pRIRqReWmmY_uGoWMKrvLJSabnrhYSic9VkRHdi-cPkhjMwkdVe2HSrrZfehWCx-G0KuKCzLFPKb7WmCm0.XgKLLxl437ymHv-ck6sLE1beSVLdWNTtN7E6RP1wTqM&dib_tag=se&keywords=laptop&qid=1762966261&sprefix=lap%2Caps%2C866&sr=8-137
21,Ultimus APEX Pro Intel Pentium Quad Core Laptop 4GB RAM 128GB eMMC SSD Expandable~512GB Ultra Thin Bezel 180Â° Hinge 2.0x1 3.0x1 USB HDMI SD Card Slot Dual Speaker Win11 Home Cloud Silver 1.2Kg,"11,990",https://amazon.in//Ultimus-Pentium-Laptop-Expandable-512GB-Speaker/dp/B0FKM5KW4R/ref=sr_1_29?crid=BRIHOKR3DFIP&dib=eyJ2IjoiMSJ9.-pHuGMubnTtFejBeRwkv1C4crEoIRwv2OU-aWS3tnqXm7HdolD6Q19RHeZzkjdsGjtBWOyVTqKrsHD4uonBjNOprilriFE2Bl-gew3JQ8evR_k79vGGXZiX9kMZji4cJmbIHMP8ce4uWEliMe_-BwHBOjnFfzM1xclE5EzSJHOQ-ASGH2o5qTP77SrLucqtE7C-36zc2ykPLQjQ7wmE2hVsSAxYuQoYCTml-m61d_Os.ANsOfbTzTxfFEtfqwU1kjEJ59PKTss72wiCJiQ1dd5Q&dib_tag=se&keywords=laptop&qid=1762966204&sprefix=lap%2Caps%2C866&sr=8-29
22,"Amazon Basics Laptop Bag Sleeve Case Cover Pouch for Men & Women | 15.6 Inch Laptop/MacBook, Office/College Laptop Bag | Side Handle | Multiple Pockets | Water Repellent | Shock Absorber (Black)",299,https://amazon.in//MacBook-College-Multiple-Repellent-Absorber/dp/B0CPJ7TKSB/ref=sr_1_138?crid=BRIHOKR3DFIP&dib=eyJ2IjoiMSJ9.6CN7hMeL3khuMNi49jlU6hfFakG5szXxr0S3Pq7aVXr8xbNodFmQ_BFpgFUkZole30h-jhLCUJnYvzp8Zf5h-Sz1grvV_K_bM0r2PRC5MRPi7wpERJxaiVK_en07r-s1nzRc6FClZPOn1o3Yk801ywPg5pRIRqReWmmY_uGoWMKrvLJSabnrhYSic9VkRHdi-cPkhjMwkdVe2HSrrZfehWCx-G0KuKCzLFPKb7WmCm0.XgKLLxl437ymHv-ck6sLE1beSVLdWNTtN7E6RP1wTqM&dib_tag=se&keywords=laptop&qid=1762966261&sprefix=lap%2Caps%2C866&sr=8-138
23,"Microsoft New Surface Pro(11Th Edition) Wi-Fi-Windows 11 Home Copilot + Pc -13"" OLED Pixelsense Touchscreen -Qualcomm Snapdragon X Elite(12 Core) -16Gb Ram -512Gb Ssd -Platinum - ZIA-00014","1,55,799",https://amazon.in//Microsoft-Wi-Fi-Windows-Pixelsense-Touchscreen-Snapdragon/dp/B0D9266JJK/ref=sr_1_139?crid=BRIHOKR3DFIP&dib=eyJ2IjoiMSJ9.6CN7hMeL3khuMNi49jlU6hfFakG5szXxr0S3Pq7aVXr8xbNodFmQ_BFpgFUkZole30h-jhLCUJnYvzp8Zf5h-Sz1grvV_K_bM0r2PRC5MRPi7wpERJxaiVK_en07r-s1nzRc6FClZPOn1o3Yk801ywPg5pRIRqReWmmY_uGoWMKrvLJSabnrhYSic9VkRHdi-cPkhjMwkdVe2HSrrZfehWCx-G0KuKCzLFPKb7WmCm0.XgKLLxl437ymHv-ck6sLE1beSVLdWNTtN7E6RP1wTqM&dib_tag=se&keywords=laptop&qid=1762966261&sprefix=lap%2Caps%2C866&sr=8-139
24,"Wembley Educational Kids Laptop Learning Toy for 2-5 Years Boys Girls Computer Toys for 3 Years Fun Activity Learning Alphabet,Letter,Words,Games,Mathematics,Music,Logic Memory Tool - Blue",795,https://amazon.in//Wembley-Educational-Computer-Birthday-Mathematics/dp/B0CM9MHFQP/ref=sr_1_140?crid=BRIHOKR3DFIP&dib=eyJ2IjoiMSJ9.6CN7hMeL3khuMNi49jlU6hfFakG5szXxr0S3Pq7aVXr8xbNodFmQ_BFpgFUkZole30h-jhLCUJnYvzp8Zf5h-Sz1grvV_K_bM0r2PRC5MRPi7wpERJxaiVK_en07r-s1nzRc6FClZPOn1o3Yk801ywPg5pRIRqReWmmY_uGoWMKrvLJSabnrhYSic9VkRHdi-cPkhjMwkdVe2HSrrZfehWCx-G0KuKCzLFPKb7WmCm0.XgKLLxl437ymHv-ck6sLE1beSVLdWNTtN7E6RP1wTqM&dib_tag=se&keywords=laptop&qid=1762966261&sprefix=lap%2Caps%2C866&sr=8-140
25,"Portronics My Buddy K11 Metal Laptop Stand with 360Â° Rotation, Height & Angle Adjustable, Foldable Design, Improves Air Flow, Carbon Steel Body, 10 kg Max Weight for Laptops & MacBook (Black)",999,https://amazon.in//Portronics-Rotation-Adjustable-Foldable-Improves/dp/B0CWS3V8QN/ref=sr_1_141?crid=BRIHOKR3DFIP&dib=eyJ2IjoiMSJ9.6CN7hMeL3khuMNi49jlU6hfFakG5szXxr0S3Pq7aVXr8xbNodFmQ_BFpgFUkZole30h-jhLCUJnYvzp8Zf5h-Sz1grvV_K_bM0r2PRC5MRPi7wpERJxaiVK_en07r-s1nzRc6FClZPOn1o3Yk801ywPg5pRIRqReWmmY_uGoWMKrvLJSabnrhYSic9VkRHdi-cPkhjMwkdVe2HSrrZfehWCx-G0KuKCzLFPKb7WmCm0.XgKLLxl437ymHv-ck6sLE1beSVLdWNTtN7E6RP1wTqM&dib_tag=se&keywords=laptop&qid=1762966261&sprefix=lap%2Caps%2C866&sr=8-141
26,"Microsoft New Surface Pro 12"" - Windows 11 Home Copilot+ PC - LCD PixelSense Touchscreen - Qualcomm Snapdragon X Plus (8 Core) - 16GB RAM - 512GB SSD - Platinum - EP2-27670","97,990",https://amazon.in//Microsoft-New-Surface-Pro-Touchscreen/dp/B0FPGJYR96/ref=sr_1_142?crid=BRIHOKR3DFIP&dib=eyJ2IjoiMSJ9.6CN7hMeL3khuMNi49jlU6hfFakG5szXxr0S3Pq7aVXr8xbNodFmQ_BFpgFUkZole30h-jhLCUJnYvzp8Zf5h-Sz1grvV_K_bM0r2PRC5MRPi7wpERJxaiVK_en07r-s1nzRc6FClZPOn1o3Yk801ywPg5pRIRqReWmmY_uGoWMKrvLJSabnrhYSic9VkRHdi-cPkhjMwkdVe2HSrrZfehWCx-G0KuKCzLFPKb7WmCm0.XgKLLxl437ymHv-ck6sLE1beSVLdWNTtN7E6RP1wTqM&dib_tag=se&keywords=laptop&qid=1762966261&sprefix=lap%2Caps%2C866&sr=8-142
27,"Sounce Mouse Pad Speed Type Mouse Pad with Antifray Stitched Embroidery Edges, Non-Slip Rubber Base Mousepad for Laptop PC (260mm x 210mm x 2mm) (Black)",89,https://amazon.in//Sounce-Antifray-Stitched-Embroidery-Non-Slip/dp/B0BSR2N5W9/ref=sr_1_143?crid=BRIHOKR3DFIP&dib=eyJ2IjoiMSJ9.6CN7hMeL3khuMNi49jlU6hfFakG5szXxr0S3Pq7aVXr8xbNodFmQ_BFpgFUkZole30h-jhLCUJnYvzp8Zf5h-Sz1grvV_K_bM0r2PRC5MRPi7wpERJxaiVK_en07r-s1nzRc6FClZPOn1o3Yk801ywPg5pRIRqReWmmY_uGoWMKrvLJSabnrhYSic9VkRHdi-cPkhjMwkdVe2HSrrZfehWCx-G0KuKCzLFPKb7WmCm0.XgKLLxl437ymHv-ck6sLE1beSVLdWNTtN7E6RP1wTqM&dib_tag=se&keywords=laptop&qid=1762966261&sprefix=lap%2Caps%2C866&sr=8-143
28,"Amazon Basics ABS 2-in-1 Laptop and Mobile Stand, Ergonomic, Adjustable Height, Anti-Slip Base, Heat Dissipation, Portable, Lightweight, Compatible with All Laptops Up to 15.6"" (Black)",289,https://amazon.in//AmazonBasics-Adjustable-Dissipation-Lightweight-Compatible/dp/B0BTNT8X6K/ref=sr_1_145?crid=BRIHOKR3DFIP&dib=eyJ2IjoiMSJ9.qKNjQ0vw29r03r2YFi1f3c86eLBxEUmv_2btF54l5oFDPnHySJcI4YPybhv0IrqOnn5o06ECaSmfK5rk3rqljId0vcy_CtWhkP8926zfX-56rnfveKxgSZH7I_Y5iYmR3imz72L12Wp7ZBsbLf-aSzEcF5qBHdIND8d5Dog7DQzxxCHmX96di7BVwtTVNubQkpkTRDZrnqVEkO158uujW3g8NnNPW_5H5KT7Bq9N4-8.Tko7pY787jQnvcDsU75v9Cy8lI9iTf19xYo12Do24Zs&dib_tag=se&keywords=laptop&qid=1762966267&sprefix=lap%2Caps%2C866&sr=8-145
29,"Logitech M221 Wireless Mouse, Silent Buttons, 2.4 GHz with USB Mini Receiver, 1000 DPI Optical Tracking, 18-Month Battery Life, Ambidextrous PC/Mac/Laptop - Black",745,https://amazon.in//Logitech-Silent-Wireless-Mouse-Charcoal/dp/B01M72LILF/ref=sr_1_147?crid=BRIHOKR3DFIP&dib=eyJ2IjoiMSJ9.qKNjQ0vw29r03r2YFi1f3c86eLBxEUmv_2btF54l5oFDPnHySJcI4YPybhv0IrqOnn5o06ECaSmfK5rk3rqljId0vcy_CtWhkP8926zfX-56rnfveKxgSZH7I_Y5iYmR3imz72L12Wp7ZBsbLf-aSzEcF5qBHdIND8d5Dog7DQzxxCHmX96di7BVwtTVNubQkpkTRDZrnqVEkO158uujW3g8NnNPW_5H5KT7Bq9N4-8.Tko7pY787jQnvcDsU75v9Cy8lI9iTf19xYo12Do24Zs&dib_tag=se&keywords=laptop&qid=1762966267&sprefix=lap%2Caps%2C866&sr=8-147
30,"Acer Predator Helios 16 AI Gaming Laptop 14th Gen Intel Core i9 Processor (32 GB RAM/1 TB SSD/NVIDIA GeForce RTX 4080/240Hz/Wifi 7/Win11 Home) PH16-72 with 40.64 cm (16"") WQXGA IPS Display, 2.65 KG","2,02,000",https://amazon.in//Acer-Predator-Processor-GeForce-PH16-72/dp/B0D2D93HY2/ref=sr_1_30?crid=BRIHOKR3DFIP&dib=eyJ2IjoiMSJ9.-pHuGMubnTtFejBeRwkv1C4crEoIRwv2OU-aWS3tnqXm7HdolD6Q19RHeZzkjdsGjtBWOyVTqKrsHD4uonBjNOprilriFE2Bl-gew3JQ8evR_k79vGGXZiX9kMZji4cJmbIHMP8ce4uWEliMe_-BwHBOjnFfzM1xclE5EzSJHOQ-ASGH2o5qTP77SrLucqtE7C-36zc2ykPLQjQ7wmE2hVsSAxYuQoYCTml-m61d_Os.ANsOfbTzTxfFEtfqwU1kjEJ59PKTss72wiCJiQ1dd5Q&dib_tag=se&keywords=laptop&qid=1762966204&sprefix=lap%2Caps%2C866&sr=8-30
31,Tommy Hilfiger Joshua Polyester Unisex 15 Inch Laptop Backpack - Black | 21 Ltr Capacity| Padded & Adjustable Strap | Water Resistant | 3 Compartment | Water Bottle Holder | USB Cable holder Pocket,"1,699",https://amazon.in//Hilfiger-Joshua-Backpack-TH-JOSHUALAP01/dp/B07N8GRWTZ/ref=sr_1_148?crid=BRIHOKR3DFIP&dib=eyJ2IjoiMSJ9.qKNjQ0vw29r03r2YFi1f3c86eLBxEUmv_2btF54l5oFDPnHySJcI4YPybhv0IrqOnn5o06ECaSmfK5rk3rqljId0vcy_CtWhkP8926zfX-56rnfveKxgSZH7I_Y5iYmR3imz72L12Wp7ZBsbLf-aSzEcF5qBHdIND8d5Dog7DQzxxCHmX96di7BVwtTVNubQkpkTRDZrnqVEkO158uujW3g8NnNPW_5H5KT7Bq9N4-8.Tko7pY787jQnvcDsU75v9Cy8lI9iTf19xYo12Do24Zs&dib_tag=se&keywords=laptop&qid=1762966267&sprefix=lap%2Caps%2C866&sr=8-148
32,"Dyazo slim 15"" to 15.6 Inch Laptop Sleeve, Laptop cover Case with handle & Accessories pocket Universal compatible for Dell, HP, Lenovo, Asus and all other Notebook etc. (Grey)",279,https://amazon.in//Dyazo-Accessories-Universal-Compatible-Notebook/dp/B0BRJ7F2VD/ref=sr_1_149?crid=BRIHOKR3DFIP&dib=eyJ2IjoiMSJ9.qKNjQ0vw29r03r2YFi1f3c86eLBxEUmv_2btF54l5oFDPnHySJcI4YPybhv0IrqOnn5o06ECaSmfK5rk3rqljId0vcy_CtWhkP8926zfX-56rnfveKxgSZH7I_Y5iYmR3imz72L12Wp7ZBsbLf-aSzEcF5qBHdIND8d5Dog7DQzxxCHmX96di7BVwtTVNubQkpkTRDZrnqVEkO158uujW3g8NnNPW_5H5KT7Bq9N4-8.Tko7pY787jQnvcDsU75v9Cy8lI9iTf19xYo12Do24Zs&dib_tag=se&keywords=laptop&qid=1762966267&sprefix=lap%2Caps%2C866&sr=8-149
33,"FUR JADEN Anti Theft Number Lock Backpack Bag with 15.6 Inch Laptop Compartment, USB Charging Port & Organizer Pocket for Men Women Boys Girls",699,https://amazon.in//Number-Backpack-Compartment-Charging-Organizer/dp/B09VTCNN75/ref=sr_1_150?crid=BRIHOKR3DFIP&dib=eyJ2IjoiMSJ9.qKNjQ0vw29r03r2YFi1f3c86eLBxEUmv_2btF54l5oFDPnHySJcI4YPybhv0IrqOnn5o06ECaSmfK5rk3rqljId0vcy_CtWhkP8926zfX-56rnfveKxgSZH7I_Y5iYmR3imz72L12Wp7ZBsbLf-aSzEcF5qBHdIND8d5Dog7DQzxxCHmX96di7BVwtTVNubQkpkTRDZrnqVEkO158uujW3g8NnNPW_5H5KT7Bq9N4-8.Tko7pY787jQnvcDsU75v9Cy8lI9iTf19xYo12Do24Zs&dib_tag=se&keywords=laptop&qid=1762966267&sprefix=lap%2Caps%2C866&sr=8-150
34,amazon basics Men's Synthetic Leather Office Laptop Bag | Fits Up to 14/15.6/16 Inch Laptop/MacBook | Adjustable Handle | Shoulder Strap | (Tan),"1,129",https://amazon.in//Synthetic-Leather-MacBook-Adjustable-Shoulder/dp/B0CX92VS1V/ref=sr_1_152?crid=BRIHOKR3DFIP&dib=eyJ2IjoiMSJ9.qKNjQ0vw29r03r2YFi1f3c86eLBxEUmv_2btF54l5oFDPnHySJcI4YPybhv0IrqOnn5o06ECaSmfK5rk3rqljId0vcy_CtWhkP8926zfX-56rnfveKxgSZH7I_Y5iYmR3imz72L12Wp7ZBsbLf-aSzEcF5qBHdIND8d5Dog7DQzxxCHmX96di7BVwtTVNubQkpkTRDZrnqVEkO158uujW3g8NnNPW_5H5KT7Bq9N4-8.Tko7pY787jQnvcDsU75v9Cy8lI9iTf19xYo12Do24Zs&dib_tag=se&keywords=laptop&qid=1762966267&sprefix=lap%2Caps%2C866&sr=8-152
35,"Sounce 5-in-1 Multi-Function Laptop Cleaning Brush/Keyboard Cleaning kit/Gadget Cleaning kit Gap Duster Key-Cap Puller for Laptop, Keyboard and Earphones",99,https://amazon.in//Sounce-Cleaning-Multi-Function-Bluetooth-Earphones/dp/B0BQDSZWFR/ref=sr_1_153?crid=BRIHOKR3DFIP&dib=eyJ2IjoiMSJ9.qKNjQ0vw29r03r2YFi1f3c86eLBxEUmv_2btF54l5oFDPnHySJcI4YPybhv0IrqOnn5o06ECaSmfK5rk3rqljId0vcy_CtWhkP8926zfX-56rnfveKxgSZH7I_Y5iYmR3imz72L12Wp7ZBsbLf-aSzEcF5qBHdIND8d5Dog7DQzxxCHmX96di7BVwtTVNubQkpkTRDZrnqVEkO158uujW3g8NnNPW_5H5KT7Bq9N4-8.Tko7pY787jQnvcDsU75v9Cy8lI9iTf19xYo12Do24Zs&dib_tag=se&keywords=laptop&qid=1762966267&sprefix=lap%2Caps%2C866&sr=8-153
36,"Gizga Essentials Reversible Laptop Sleeve 15.6 Inch, Dual Color Neoprene Laptop Cover, Zipperless, Waterproof, Slim Fit Laptop Case for HP Dell Lenovo Asus Acer, MacBook, Mouse Pad Use (Red/Black)",199,https://amazon.in//Essentials-Reversible-Neoprene-Zipperless-Waterproof/dp/B00C3GBCIS/ref=sr_1_154?crid=BRIHOKR3DFIP&dib=eyJ2IjoiMSJ9.qKNjQ0vw29r03r2YFi1f3c86eLBxEUmv_2btF54l5oFDPnHySJcI4YPybhv0IrqOnn5o06ECaSmfK5rk3rqljId0vcy_CtWhkP8926zfX-56rnfveKxgSZH7I_Y5iYmR3imz72L12Wp7ZBsbLf-aSzEcF5qBHdIND8d5Dog7DQzxxCHmX96di7BVwtTVNubQkpkTRDZrnqVEkO158uujW3g8NnNPW_5H5KT7Bq9N4-8.Tko7pY787jQnvcDsU75v9Cy8lI9iTf19xYo12Do24Zs&dib_tag=se&keywords=laptop&qid=1762966267&sprefix=lap%2Caps%2C866&sr=8-154
37,"amazon basics Laptop Stand, Height-Adjustable, Foldable, Portable, Ventilated, Fits Up to 15.6-Inch Laptops (Aluminium Alloy, Silver)",349,https://amazon.in//AmazonBasics-Height-Adjustable-Ventilated-15-6-Inch-Aluminium/dp/B0BSXDGL49/ref=sr_1_155?crid=BRIHOKR3DFIP&dib=eyJ2IjoiMSJ9.qKNjQ0vw29r03r2YFi1f3c86eLBxEUmv_2btF54l5oFDPnHySJcI4YPybhv0IrqOnn5o06ECaSmfK5rk3rqljId0vcy_CtWhkP8926zfX-56rnfveKxgSZH7I_Y5iYmR3imz72L12Wp7ZBsbLf-aSzEcF5qBHdIND8d5Dog7DQzxxCHmX96di7BVwtTVNubQkpkTRDZrnqVEkO158uujW3g8NnNPW_5H5KT7Bq9N4-8.Tko7pY787jQnvcDsU75v9Cy8lI9iTf19xYo12Do24Zs&dib_tag=se&keywords=laptop&qid=1762966267&sprefix=lap%2Caps%2C866&sr=8-155
38,"Sounce 3 in 1 Cleaning Set for Screen PC, Laptops, Monitors, Mobiles, LCD, LED, TV/Professional Quality/Prevents Static Electricity, 100ml with Micro Fiber Cloth and Soft Brush",129,https://amazon.in//Sounce-Cleaning-Monitors-Professional-Electricity/dp/B0BSLRB8NJ/ref=sr_1_156?crid=BRIHOKR3DFIP&dib=eyJ2IjoiMSJ9.qKNjQ0vw29r03r2YFi1f3c86eLBxEUmv_2btF54l5oFDPnHySJcI4YPybhv0IrqOnn5o06ECaSmfK5rk3rqljId0vcy_CtWhkP8926zfX-56rnfveKxgSZH7I_Y5iYmR3imz72L12Wp7ZBsbLf-aSzEcF5qBHdIND8d5Dog7DQzxxCHmX96di7BVwtTVNubQkpkTRDZrnqVEkO158uujW3g8NnNPW_5H5KT7Bq9N4-8.Tko7pY787jQnvcDsU75v9Cy8lI9iTf19xYo12Do24Zs&dib_tag=se&keywords=laptop&qid=1762966267&sprefix=lap%2Caps%2C866&sr=8-156
39,"PLIXIO Adjustable Laptop Stand with 360Â° Rotating Base Tabletop Ergonomic Foldable Portable Holder Compatible for MacBook, HP, Dell, Lenovo & All Other Notebook (Sliver)","2,249",https://amazon.in//PLIXIO-Adjustable-Rotating-Ergonomic-Compatible/dp/B0C9J63G2F/ref=sr_1_157?crid=BRIHOKR3DFIP&dib=eyJ2IjoiMSJ9.qKNjQ0vw29r03r2YFi1f3c86eLBxEUmv_2btF54l5oFDPnHySJcI4YPybhv0IrqOnn5o06ECaSmfK5rk3rqljId0vcy_CtWhkP8926zfX-56rnfveKxgSZH7I_Y5iYmR3imz72L12Wp7ZBsbLf-aSzEcF5qBHdIND8d5Dog7DQzxxCHmX96di7BVwtTVNubQkpkTRDZrnqVEkO158uujW3g8NnNPW_5H5KT7Bq9N4-8.Tko7pY787jQnvcDsU75v9Cy8lI9iTf19xYo12Do24Zs&dib_tag=se&keywords=laptop&qid=1762966267&sprefix=lap%2Caps%2C866&sr=8-157
40,"HP Victus, AMD Ryzen 9-8945HS, 8GB RTX 4060, 16GB RAM (Upgradeable) 1TB SSD, 144Hz, 300nits, IPS, FHD, 15.6""/39.6cm, Win11, M365* Office 24, Blue, 2.29Kg, Backlit, fb3025AX, AI Gaming Laptop","1,00,490",https://amazon.in//HP-9-8945HS-Upgrade-300nits-fb3025AX/dp/B0DTJ3PX6T/ref=sr_1_31?crid=BRIHOKR3DFIP&dib=eyJ2IjoiMSJ9.-pHuGMubnTtFejBeRwkv1C4crEoIRwv2OU-aWS3tnqXm7HdolD6Q19RHeZzkjdsGjtBWOyVTqKrsHD4uonBjNOprilriFE2Bl-gew3JQ8evR_k79vGGXZiX9kMZji4cJmbIHMP8ce4uWEliMe_-BwHBOjnFfzM1xclE5EzSJHOQ-ASGH2o5qTP77SrLucqtE7C-36zc2ykPLQjQ7wmE2hVsSAxYuQoYCTml-m61d_Os.ANsOfbTzTxfFEtfqwU1kjEJ59PKTss72wiCJiQ1dd5Q&dib_tag=se&keywords=laptop&qid=1762966204&sprefix=lap%2Caps%2C866&sr=8-31
41,"Lavie Sport 47cm Osprey 28 litres Laptop Backpack for Men & Women | Business Laptop Bag | Upto 15.6"" Notebook/MacBook Compatible (Navy)",749,https://amazon.in//Lavie-Sport-Backpack-Business-Compatible/dp/B0CWR2BX1V/ref=sr_1_158?crid=BRIHOKR3DFIP&dib=eyJ2IjoiMSJ9.qKNjQ0vw29r03r2YFi1f3c86eLBxEUmv_2btF54l5oFDPnHySJcI4YPybhv0IrqOnn5o06ECaSmfK5rk3rqljId0vcy_CtWhkP8926zfX-56rnfveKxgSZH7I_Y5iYmR3imz72L12Wp7ZBsbLf-aSzEcF5qBHdIND8d5Dog7DQzxxCHmX96di7BVwtTVNubQkpkTRDZrnqVEkO158uujW3g8NnNPW_5H5KT7Bq9N4-8.Tko7pY787jQnvcDsU75v9Cy8lI9iTf19xYo12Do24Zs&dib_tag=se&keywords=laptop&qid=1762966267&sprefix=lap%2Caps%2C866&sr=8-158
42,"Anker Power Bank, 20,000mAh with Built-in USB-C Cable, 87W Max Fast Charging (PowerCore 20K for Laptop) Lenovo, HP, Dell, Microsoft, MacBook, iPad, iPhone, Apple Watches, Samsung and More - Black","5,489",https://amazon.in//Anker-Charging-PowerCore-Microsoft-MacBook/dp/B0CXDXP8VR/ref=sr_1_159?crid=BRIHOKR3DFIP&dib=eyJ2IjoiMSJ9.qKNjQ0vw29r03r2YFi1f3c86eLBxEUmv_2btF54l5oFDPnHySJcI4YPybhv0IrqOnn5o06ECaSmfK5rk3rqljId0vcy_CtWhkP8926zfX-56rnfveKxgSZH7I_Y5iYmR3imz72L12Wp7ZBsbLf-aSzEcF5qBHdIND8d5Dog7DQzxxCHmX96di7BVwtTVNubQkpkTRDZrnqVEkO158uujW3g8NnNPW_5H5KT7Bq9N4-8.Tko7pY787jQnvcDsU75v9Cy8lI9iTf19xYo12Do24Zs&dib_tag=se&keywords=laptop&qid=1762966267&sprefix=lap%2Caps%2C866&sr=8-159
43,"Lenovo Yoga Tab Plus Smartchoice AI Tablet with Pen + Keyboard |12.7"" Display, 3K Resolution, 144 Hz|16GB RAM, 512GB ROM|Snapdragon 8 Gen 3|10200 mAh|6 Speakers|USB 3.0 with DP-Out|1Year ADP Free|Teal","54,999",https://amazon.in//Lenovo-Smartchoice-Keyboard-Resolution-Snapdragon/dp/B0FCRJ984R/ref=sr_1_160?crid=BRIHOKR3DFIP&dib=eyJ2IjoiMSJ9.qKNjQ0vw29r03r2YFi1f3c86eLBxEUmv_2btF54l5oFDPnHySJcI4YPybhv0IrqOnn5o06ECaSmfK5rk3rqljId0vcy_CtWhkP8926zfX-56rnfveKxgSZH7I_Y5iYmR3imz72L12Wp7ZBsbLf-aSzEcF5qBHdIND8d5Dog7DQzxxCHmX96di7BVwtTVNubQkpkTRDZrnqVEkO158uujW3g8NnNPW_5H5KT7Bq9N4-8.Tko7pY787jQnvcDsU75v9Cy8lI9iTf19xYo12Do24Zs&dib_tag=se&keywords=laptop&qid=1762966267&sprefix=lap%2Caps%2C866&sr=8-160
44,DailyObjects Zippered Sleeve for MacBook & Laptop 11 Inch | Solid Burgundy PU Leather Sleeves with Inner Lining | Durable Stylish Light Weight Sleek Design with Zip Closure,899,https://amazon.in//sspa/click?ie=UTF8&spc=MTo3MDUwNDkxNDUyNDkwNTYyOjE3NjI5NjYyNjc6c3Bfc2VhcmNoX3RoZW1hdGljX2J0ZjozMDAxOTA3MDA4ODE4MzI6OjA6Og&url=%2FDailyObjects-Burgundy-Leather-Zippered-MacBook%2Fdp%2FB082R8MJCQ%2Fref%3Dsxbs_pa_sp_search_thematic_btf_sspa%3Fcontent-id%3Damzn1.sym.1ee134bc-32b2-41b4-b087-995ae57bc094%253Aamzn1.sym.1ee134bc-32b2-41b4-b087-995ae57bc094%26crid%3DBRIHOKR3DFIP%26cv_ct_cx%3Dlaptop%26keywords%3Dlaptop%26pd_rd_i%3DB082R8MJCQ%26pd_rd_r%3D5609f00e-951c-44fc-8c3e-c933e702d5cc%26pd_rd_w%3DQ8TqB%26pd_rd_wg%3Dp5aX5%26pf_rd_p%3D1ee134bc-32b2-41b4-b087-995ae57bc094%26pf_rd_r%3DWF4M4TDNMZ371JJ8F4WT%26qid%3D1762966267%26sbo%3DRZvfv%252F%252FHxDF%252BO5021pAnSA%253D%253D%26sprefix%3Dlap%252Caps%252C866%26sr%3D1-145-39d2cf51-924d-44a4-921d-0c8fa4cce3c9-spons%26aref%3D2zusrtqXFs%26sp_csd%3Dd2lkZ2V0TmFtZT1zcF9zZWFyY2hfdGhlbWF0aWNfYnRm%26psc%3D1&aref=2zusrtqXFs&sp_cr=ZAZ
45,Pramadda Pure Luxury Vegan Leather 15.6 inch laptop messenger office bag for men and women | Premium Corporate Crossbody Shoulder Handbags | Corporate Gift item,"1,399",https://amazon.in//sspa/click?ie=UTF8&spc=MTo3MDUwNDkxNDUyNDkwNTYyOjE3NjI5NjYyNjc6c3Bfc2VhcmNoX3RoZW1hdGljX2J0ZjozMDA1OTY2OTAzNTMwMzI6OjE6Og&url=%2FPramadda-Pure-Luxury-messenger-Corporate%2Fdp%2FB0D3PWJLM8%2Fref%3Dsxbs_pa_sp_search_thematic_btf_sspa%3Fcontent-id%3Damzn1.sym.1ee134bc-32b2-41b4-b087-995ae57bc094%253Aamzn1.sym.1ee134bc-32b2-41b4-b087-995ae57bc094%26crid%3DBRIHOKR3DFIP%26cv_ct_cx%3Dlaptop%26keywords%3Dlaptop%26pd_rd_i%3DB0D3PWJLM8%26pd_rd_r%3D5609f00e-951c-44fc-8c3e-c933e702d5cc%26pd_rd_w%3DQ8TqB%26pd_rd_wg%3Dp5aX5%26pf_rd_p%3D1ee134bc-32b2-41b4-b087-995ae57bc094%26pf_rd_r%3DWF4M4TDNMZ371JJ8F4WT%26qid%3D1762966267%26sbo%3DRZvfv%252F%252FHxDF%252BO5021pAnSA%253D%253D%26sprefix%3Dlap%252Caps%252C866%26sr%3D1-146-39d2cf51-924d-44a4-921d-0c8fa4cce3c9-spons%26aref%3DvfBWsU6fZA%26sp_csd%3Dd2lkZ2V0TmFtZT1zcF9zZWFyY2hfdGhlbWF0aWNfYnRm%26psc%3D1&aref=vfBWsU6fZA&sp_cr=ZAZ
46,"EUME Aristo Laptop Bag for Men | Office Bag for Men & Women | With Padded Compartment | Vegan Leather & Nylon Fabric | Fits Up to 15.6"" Laptop & MacBook, 13L","4,799",https://amazon.in//sspa/click?ie=UTF8&spc=MTo3MDUwNDkxNDUyNDkwNTYyOjE3NjI5NjYyNjc6c3Bfc2VhcmNoX3RoZW1hdGljX2J0ZjozMDA2NzI2MzgxNjI5MzI6OjI6Og&url=%2FEUME-Aristo-Compartment-Leather-MacBook%2Fdp%2FB0F9TG5MMY%2Fref%3Dsxbs_pa_sp_search_thematic_btf_sspa%3Fcontent-id%3Damzn1.sym.1ee134bc-32b2-41b4-b087-995ae57bc094%253Aamzn1.sym.1ee134bc-32b2-41b4-b087-995ae57bc094%26crid%3DBRIHOKR3DFIP%26cv_ct_cx%3Dlaptop%26keywords%3Dlaptop%26pd_rd_i%3DB0F9TG5MMY%26pd_rd_r%3D5609f00e-951c-44fc-8c3e-c933e702d5cc%26pd_rd_w%3DQ8TqB%26pd_rd_wg%3Dp5aX5%26pf_rd_p%3D1ee134bc-32b2-41b4-b087-995ae57bc094%26pf_rd_r%3DWF4M4TDNMZ371JJ8F4WT%26qid%3D1762966267%26sbo%3DRZvfv%252F%252FHxDF%252BO5021pAnSA%253D%253D%26sprefix%3Dlap%252Caps%252C866%26sr%3D1-147-39d2cf51-924d-44a4-921d-0c8fa4cce3c9-spons%26aref%3DdVbAPbccSZ%26sp_csd%3Dd2lkZ2V0TmFtZT1zcF9zZWFyY2hfdGhlbWF0aWNfYnRm%26psc%3D1&aref=dVbAPbccSZ&sp_cr=ZAZ
47,DailyObjects PET Ambit Messenger Bag for Office & Daily Use| 100% Recycled | Stylish Shoulder Travel Bag | Fit any Laptop Upto 14 Inch | Multifunctional Adjustable Straps & G-Hook closure,"4,498.",https://amazon.in//sspa/click?ie=UTF8&spc=MTo3MDUwNDkxNDUyNDkwNTYyOjE3NjI5NjYyNjc6c3Bfc2VhcmNoX3RoZW1hdGljX2J0ZjozMDA2MjMwOTQzODY1MzI6OjM6Og&url=%2FDailyObjects-Messenger-Lightweight-Resistant-Adjustable%2Fdp%2FB0F849GR97%2Fref%3Dsxbs_pa_sp_search_thematic_btf_sspa%3Fcontent-id%3Damzn1.sym.1ee134bc-32b2-41b4-b087-995ae57bc094%253Aamzn1.sym.1ee134bc-32b2-41b4-b087-995ae57bc094%26crid%3DBRIHOKR3DFIP%26cv_ct_cx%3Dlaptop%26keywords%3Dlaptop%26pd_rd_i%3DB0F849GR97%26pd_rd_r%3D5609f00e-951c-44fc-8c3e-c933e702d5cc%26pd_rd_w%3DQ8TqB%26pd_rd_wg%3Dp5aX5%26pf_rd_p%3D1ee134bc-32b2-41b4-b087-995ae57bc094%26pf_rd_r%3DWF4M4TDNMZ371JJ8F4WT%26qid%3D1762966267%26sbo%3DRZvfv%252F%252FHxDF%252BO5021pAnSA%253D%253D%26sprefix%3Dlap%252Caps%252C866%26sr%3D1-148-39d2cf51-924d-44a4-921d-0c8fa4cce3c9-spons%26aref%3DDU0p4Jgf30%26sp_csd%3Dd2lkZ2V0TmFtZT1zcF9zZWFyY2hfdGhlbWF0aWNfYnRm%26psc%3D1&aref=DU0p4Jgf30&sp_cr=ZAZ
48,EUME Omega Premium 15.6 in Laptop bags for Men & Women Office Use | Stylish Backpack Bag | Spacious Backpack for Travelling | 24L,"5,999",https://amazon.in//sspa/click?ie=UTF8&spc=MTo3MDUwNDkxNDUyNDkwNTYyOjE3NjI5NjYyNjc6c3Bfc2VhcmNoX3RoZW1hdGljX2J0ZjozMDA2NzI1NzQxNjMwMzI6OjQ6Og&url=%2FEUME-Backpack-Compartments-Essentials-Travelling%2Fdp%2FB0DRDBWS4M%2Fref%3Dsxbs_pa_sp_search_thematic_btf_sspa%3Fcontent-id%3Damzn1.sym.1ee134bc-32b2-41b4-b087-995ae57bc094%253Aamzn1.sym.1ee134bc-32b2-41b4-b087-995ae57bc094%26crid%3DBRIHOKR3DFIP%26cv_ct_cx%3Dlaptop%26keywords%3Dlaptop%26pd_rd_i%3DB0DRDBWS4M%26pd_rd_r%3D5609f00e-951c-44fc-8c3e-c933e702d5cc%26pd_rd_w%3DQ8TqB%26pd_rd_wg%3Dp5aX5%26pf_rd_p%3D1ee134bc-32b2-41b4-b087-995ae57bc094%26pf_rd_r%3DWF4M4TDNMZ371JJ8F4WT%26qid%3D1762966267%26sbo%3DRZvfv%252F%252FHxDF%252BO5021pAnSA%253D%253D%26sprefix%3Dlap%252Caps%252C866%26sr%3D1-149-39d2cf51-924d-44a4-921d-0c8fa4cce3c9-spons%26aref%3DLZe8mJVg4L%26sp_csd%3Dd2lkZ2V0TmFtZT1zcF9zZWFyY2hfdGhlbWF0aWNfYnRm%26psc%3D1&aref=LZe8mJVg4L&sp_cr=ZAZ
49,"FUR JADEN Travel Laptop Backpack, Business Backpacks with USB Charging Port, Water Resistant College School Computer Bag for Men & Women Fits Under 15.6 inch Laptop and Notebook","1,099",https://amazon.in//Backpack-Business-Backpacks-Charging-Resistant/dp/B094DGXXR5/ref=sr_1_161?crid=BRIHOKR3DFIP&dib=eyJ2IjoiMSJ9.vafiP8RDPsINcuPUCA-8bbDQv7i7jAGuIij2BF5snTlu-DK27VnFHkA3XUMH8aguShQxxL-3ves7Siv_DV1al80blIGoVvYeUzD8M-ZIG34QUSwCXeTLcswqgwMgVXKbhATUcePGQY6-wGb7jVlrxrmymfqxU6AvlXOocadwj1YA4bIHVqq89MCclobyUJLs-CzzpjTLLiOyyI8PYYkRN82z5x17NyN6CsFlQ6vS_Vo.GVVTcUpk9oSKASfR5tMTeHyfNEAh4YQy0sEVmxQdFkE&dib_tag=se&keywords=laptop&qid=1762966273&sprefix=lap%2Caps%2C866&sr=8-161
50,ZOUK Stylish Office Laptop Bag | Tote Bag For Women Fits Upto 15.6 inch |Purse for Women | Vegan Leather Handbag | Daily & Travel Use,"1,499",https://amazon.in//ZOUK-Stylish-Leather-Handbag-Multicolor/dp/B09L79TM6D/ref=sr_1_162?crid=BRIHOKR3DFIP&dib=eyJ2IjoiMSJ9.vafiP8RDPsINcuPUCA-8bbDQv7i7jAGuIij2BF5snTlu-DK27VnFHkA3XUMH8aguShQxxL-3ves7Siv_DV1al80blIGoVvYeUzD8M-ZIG34QUSwCXeTLcswqgwMgVXKbhATUcePGQY6-wGb7jVlrxrmymfqxU6AvlXOocadwj1YA4bIHVqq89MCclobyUJLs-CzzpjTLLiOyyI8PYYkRN82z5x17NyN6CsFlQ6vS_Vo.GVVTcUpk9oSKASfR5tMTeHyfNEAh4YQy0sEVmxQdFkE&dib_tag=se&keywords=laptop&qid=1762966273&sprefix=lap%2Caps%2C866&sr=8-162
51,"Alienware New 16 Area-51 Gaming Laptop, AI Enabled Core Ultra 9 275HX Processor, 64GB DDR5, 2TB SSD, RTX 5090, 24 GB GDDR7 Graphics, 16.0"" WQXGA 240Hz 500 nits Display, Liquid Teal Color, 3.4kg","4,82,490",https://amazon.in//Alienware-Area-51-Enabled-Processor-Graphics/dp/B0FHXP6RYD/ref=sr_1_32?crid=BRIHOKR3DFIP&dib=eyJ2IjoiMSJ9.-pHuGMubnTtFejBeRwkv1C4crEoIRwv2OU-aWS3tnqXm7HdolD6Q19RHeZzkjdsGjtBWOyVTqKrsHD4uonBjNOprilriFE2Bl-gew3JQ8evR_k79vGGXZiX9kMZji4cJmbIHMP8ce4uWEliMe_-BwHBOjnFfzM1xclE5EzSJHOQ-ASGH2o5qTP77SrLucqtE7C-36zc2ykPLQjQ7wmE2hVsSAxYuQoYCTml-m61d_Os.ANsOfbTzTxfFEtfqwU1kjEJ59PKTss72wiCJiQ1dd5Q&dib_tag=se&keywords=laptop&qid=1762966204&sprefix=lap%2Caps%2C866&sr=8-32
52,"Portronics Toad One Bluetooth Mouse with 2.4 GHz & BT 5.3 Dual Wireless, 6 Buttons, Rechargeable, RGB Lights, Connect 3 Devices, Ergonomic Design for Laptop, Smartphone, Tablet (Black)",549,https://amazon.in//Portronics-Wireless-Bluetooth-Connectivity-Rechargeable/dp/B0BG8LZNYL/ref=sr_1_163?crid=BRIHOKR3DFIP&dib=eyJ2IjoiMSJ9.vafiP8RDPsINcuPUCA-8bbDQv7i7jAGuIij2BF5snTlu-DK27VnFHkA3XUMH8aguShQxxL-3ves7Siv_DV1al80blIGoVvYeUzD8M-ZIG34QUSwCXeTLcswqgwMgVXKbhATUcePGQY6-wGb7jVlrxrmymfqxU6AvlXOocadwj1YA4bIHVqq89MCclobyUJLs-CzzpjTLLiOyyI8PYYkRN82z5x17NyN6CsFlQ6vS_Vo.GVVTcUpk9oSKASfR5tMTeHyfNEAh4YQy0sEVmxQdFkE&dib_tag=se&keywords=laptop&qid=1762966273&sprefix=lap%2Caps%2C866&sr=8-163
53,"Amazon Basics Vertical Laptop Stand with Adjustable Dock and Dual Slots, Compatible with All Laptops Up to 20.3"" (Aluminium, Grey)","1,249",https://amazon.in//AmazonBasics-Vertical-Adjustable-Compatible-Aluminium/dp/B0BTNT6F4X/ref=sr_1_164?crid=BRIHOKR3DFIP&dib=eyJ2IjoiMSJ9.vafiP8RDPsINcuPUCA-8bbDQv7i7jAGuIij2BF5snTlu-DK27VnFHkA3XUMH8aguShQxxL-3ves7Siv_DV1al80blIGoVvYeUzD8M-ZIG34QUSwCXeTLcswqgwMgVXKbhATUcePGQY6-wGb7jVlrxrmymfqxU6AvlXOocadwj1YA4bIHVqq89MCclobyUJLs-CzzpjTLLiOyyI8PYYkRN82z5x17NyN6CsFlQ6vS_Vo.GVVTcUpk9oSKASfR5tMTeHyfNEAh4YQy0sEVmxQdFkE&dib_tag=se&keywords=laptop&qid=1762966273&sprefix=lap%2Caps%2C866&sr=8-164
54,"Gooyo 2011A Battery Operated Educational Learning Laptop Toy with LED Display and Music Effect | Babies/Girls/Boys/Toddlers | Pink Color, Power Source: 3xAA Battery (Not Included)",366,https://amazon.in//Gooyo-Operated-Educational-Toddlers-2011A/dp/B0BF585KKH/ref=sr_1_165?crid=BRIHOKR3DFIP&dib=eyJ2IjoiMSJ9.vafiP8RDPsINcuPUCA-8bbDQv7i7jAGuIij2BF5snTlu-DK27VnFHkA3XUMH8aguShQxxL-3ves7Siv_DV1al80blIGoVvYeUzD8M-ZIG34QUSwCXeTLcswqgwMgVXKbhATUcePGQY6-wGb7jVlrxrmymfqxU6AvlXOocadwj1YA4bIHVqq89MCclobyUJLs-CzzpjTLLiOyyI8PYYkRN82z5x17NyN6CsFlQ6vS_Vo.GVVTcUpk9oSKASfR5tMTeHyfNEAh4YQy0sEVmxQdFkE&dib_tag=se&keywords=laptop&qid=1762966273&sprefix=lap%2Caps%2C866&sr=8-165
55,"Gizga Essentials Reversible Laptop Sleeve 14.1 Inch, Dual Color Neoprene Laptop Cover, Zipperless, Waterproof, Slim Fit Laptop Case for HP Dell Lenovo Asus Acer, MacBook, Mouse Pad Use (Red/Black)",199,https://amazon.in//Essentials-Reversible-Neoprene-Zipperless-Waterproof/dp/B012LFHT6O/ref=sr_1_166?crid=BRIHOKR3DFIP&dib=eyJ2IjoiMSJ9.vafiP8RDPsINcuPUCA-8bbDQv7i7jAGuIij2BF5snTlu-DK27VnFHkA3XUMH8aguShQxxL-3ves7Siv_DV1al80blIGoVvYeUzD8M-ZIG34QUSwCXeTLcswqgwMgVXKbhATUcePGQY6-wGb7jVlrxrmymfqxU6AvlXOocadwj1YA4bIHVqq89MCclobyUJLs-CzzpjTLLiOyyI8PYYkRN82z5x17NyN6CsFlQ6vS_Vo.GVVTcUpk9oSKASfR5tMTeHyfNEAh4YQy0sEVmxQdFkE&dib_tag=se&keywords=laptop&qid=1762966273&sprefix=lap%2Caps%2C866&sr=8-166
56,"Amazon Basics Laptop Bag Sleeve Case Cover Pouch for 15-Inch, 15.6-Inch Laptop for Men & Women | Slim Profile Neoprene, Soft Puffy Fabric Lining, 360Â° Protection, Smooth & Premium Zipper (Grey)",429,https://amazon.in//15-Inch-15-6-Inch-Profile-Neoprene-Protection/dp/B09SPMYK4B/ref=sr_1_167?crid=BRIHOKR3DFIP&dib=eyJ2IjoiMSJ9.vafiP8RDPsINcuPUCA-8bbDQv7i7jAGuIij2BF5snTlu-DK27VnFHkA3XUMH8aguShQxxL-3ves7Siv_DV1al80blIGoVvYeUzD8M-ZIG34QUSwCXeTLcswqgwMgVXKbhATUcePGQY6-wGb7jVlrxrmymfqxU6AvlXOocadwj1YA4bIHVqq89MCclobyUJLs-CzzpjTLLiOyyI8PYYkRN82z5x17NyN6CsFlQ6vS_Vo.GVVTcUpk9oSKASfR5tMTeHyfNEAh4YQy0sEVmxQdFkE&dib_tag=se&keywords=laptop&qid=1762966273&sprefix=lap%2Caps%2C866&sr=8-167
57,Prime Laptop Bags for Men Office Use | Upto 15.6 inch | Expandable Bottom | Mobile & Pen Compartment with Multiple Organizers | PU Leather | Professional Office Bag for Man & Women - Brown,"1,579",https://amazon.in//RIONTO-Messenger-Bag-Expandable-Supports/dp/B0C5T4Y3FL/ref=sr_1_168?crid=BRIHOKR3DFIP&dib=eyJ2IjoiMSJ9.vafiP8RDPsINcuPUCA-8bbDQv7i7jAGuIij2BF5snTlu-DK27VnFHkA3XUMH8aguShQxxL-3ves7Siv_DV1al80blIGoVvYeUzD8M-ZIG34QUSwCXeTLcswqgwMgVXKbhATUcePGQY6-wGb7jVlrxrmymfqxU6AvlXOocadwj1YA4bIHVqq89MCclobyUJLs-CzzpjTLLiOyyI8PYYkRN82z5x17NyN6CsFlQ6vS_Vo.GVVTcUpk9oSKASfR5tMTeHyfNEAh4YQy0sEVmxQdFkE&dib_tag=se&keywords=laptop&qid=1762966273&sprefix=lap%2Caps%2C866&sr=8-168
58,"OnePlus Pad 3 World's Fastest Snapdragon 8 Elite Processor, 13.2"" 3.4k Screen, 144Hz Adaptive Refresh Rate, 8 Speakers, OnePlus AI, 12140 mAh Battery, 12 GB RAM + 256 GB ROM WiFi, Storm Blue","47,999",https://amazon.in//OnePlus-Snapdragon-Processor-Adaptive-Speakers/dp/B0FN7431GX/ref=sr_1_169?crid=BRIHOKR3DFIP&dib=eyJ2IjoiMSJ9.vafiP8RDPsINcuPUCA-8bbDQv7i7jAGuIij2BF5snTlu-DK27VnFHkA3XUMH8aguShQxxL-3ves7Siv_DV1al80blIGoVvYeUzD8M-ZIG34QUSwCXeTLcswqgwMgVXKbhATUcePGQY6-wGb7jVlrxrmymfqxU6AvlXOocadwj1YA4bIHVqq89MCclobyUJLs-CzzpjTLLiOyyI8PYYkRN82z5x17NyN6CsFlQ6vS_Vo.GVVTcUpk9oSKASfR5tMTeHyfNEAh4YQy0sEVmxQdFkE&dib_tag=se&keywords=laptop&qid=1762966273&sprefix=lap%2Caps%2C866&sr=8-169
59,"PLIXIO Adjustable Laptop Stand with 360Â° Rotating Base Tabletop Ergonomic Foldable Portable Holder Compatible for MacBook, HP, Dell, Lenovo & All Other Notebook (Sliver) (A06)","3,959",https://amazon.in//PLIXIO-Adjustable-Rotating-Ergonomic-Compatible/dp/B0CN2LGZ67/ref=sr_1_170?crid=BRIHOKR3DFIP&dib=eyJ2IjoiMSJ9.vafiP8RDPsINcuPUCA-8bbDQv7i7jAGuIij2BF5snTlu-DK27VnFHkA3XUMH8aguShQxxL-3ves7Siv_DV1al80blIGoVvYeUzD8M-ZIG34QUSwCXeTLcswqgwMgVXKbhATUcePGQY6-wGb7jVlrxrmymfqxU6AvlXOocadwj1YA4bIHVqq89MCclobyUJLs-CzzpjTLLiOyyI8PYYkRN82z5x17NyN6CsFlQ6vS_Vo.GVVTcUpk9oSKASfR5tMTeHyfNEAh4YQy0sEVmxQdFkE&dib_tag=se&keywords=laptop&qid=1762966273&sprefix=lap%2Caps%2C866&sr=8-170
60,"ZEBRONICS Wireless Mouse, 2.4GHz, 3200 DPI, 3 Buttons, Comfortable & Ergonomic, USB Nano Receiver, Power-Saving Mode, Works on Most Surfaces, for Mac | Laptop | Computer (Freego, Grey)",229,https://amazon.in//ZEBRONICS-Wireless-Comfortable-Ergonomic-Power-Saving/dp/B0FF4ZN4SH/ref=sr_1_171?crid=BRIHOKR3DFIP&dib=eyJ2IjoiMSJ9.vafiP8RDPsINcuPUCA-8bbDQv7i7jAGuIij2BF5snTlu-DK27VnFHkA3XUMH8aguShQxxL-3ves7Siv_DV1al80blIGoVvYeUzD8M-ZIG34QUSwCXeTLcswqgwMgVXKbhATUcePGQY6-wGb7jVlrxrmymfqxU6AvlXOocadwj1YA4bIHVqq89MCclobyUJLs-CzzpjTLLiOyyI8PYYkRN82z5x17NyN6CsFlQ6vS_Vo.GVVTcUpk9oSKASfR5tMTeHyfNEAh4YQy0sEVmxQdFkE&dib_tag=se&keywords=laptop&qid=1762966273&sprefix=lap%2Caps%2C866&sr=8-171
61,"MOCA Compatible 360 Protective Laptop Sleeve Hand Bag for 15.4/16 inch MacBook Pro 16 inch A2141 2019-2020, XPS 15, Surface Book 2/3 Laptop Sleeves Sleeve Hand Bag","1,049",https://amazon.in//MOCA-Compatible-Protective-MacBook-Sleeves/dp/B084RJQG41/ref=sr_1_172?crid=BRIHOKR3DFIP&dib=eyJ2IjoiMSJ9.vafiP8RDPsINcuPUCA-8bbDQv7i7jAGuIij2BF5snTlu-DK27VnFHkA3XUMH8aguShQxxL-3ves7Siv_DV1al80blIGoVvYeUzD8M-ZIG34QUSwCXeTLcswqgwMgVXKbhATUcePGQY6-wGb7jVlrxrmymfqxU6AvlXOocadwj1YA4bIHVqq89MCclobyUJLs-CzzpjTLLiOyyI8PYYkRN82z5x17NyN6CsFlQ6vS_Vo.GVVTcUpk9oSKASfR5tMTeHyfNEAh4YQy0sEVmxQdFkE&dib_tag=se&keywords=laptop&qid=1762966273&sprefix=lap%2Caps%2C866&sr=8-172
62,"Lenovo Smartchoice Ideapad 5 2-in-1 13th Gen Intel Core i5-13420H (16GB RAM/512GB SSD/Windows 11/Office Home 2024/WUXGA IPS/14 (35.5cm)/Touchscreen 2-in-1/3Mon.Game Pass/Grey/1.6kg), 83KX0059IN Laptop","73,490",https://amazon.in//Lenovo-Smartchoice-i5-13420H-Touchscreen-83KX0059IN/dp/B0DSL4R3DL/ref=sr_1_33?crid=BRIHOKR3DFIP&dib=eyJ2IjoiMSJ9.dm2EKRPFVTFwwgt2Yc4K5qTISUAaktXG-ozC5OLatiSB2ptz36LhrDG8k8rlr-6vUnnJEYF7TImkFUujJPReysw1Qriz6iio915Gu55w4St7ywb49wwVylhcry3OkLGZwgVMYK2b2EGLqPmiXIpN9YMXJDS8snAms6p_vkHqo4TRBetWnCoeCJ2ZaK70UKZRafHeOk8yAI9Bthe3zMIMPrUsDd0VhJzMUMigSiC9GYQ.w8QMv9h6B0qC0xMScvS0PrEibdTyoSgeXnx_5sar3Yc&dib_tag=se&keywords=laptop&qid=1762966213&sprefix=lap%2Caps%2C866&sr=8-33
63,"Logitech M186 Wireless Mouse, 2.4GHz with USB Mini Receiver, 12-Month Battery Life, 1000 DPI Optical Tracking, Ambidextrous, Compatible with PC, Mac, Laptop",599,https://amazon.in//Logitech-Wireless-Receiver-Ambidextrous-Compatible/dp/B0D18192T2/ref=sr_1_173?crid=BRIHOKR3DFIP&dib=eyJ2IjoiMSJ9.vafiP8RDPsINcuPUCA-8bbDQv7i7jAGuIij2BF5snTlu-DK27VnFHkA3XUMH8aguShQxxL-3ves7Siv_DV1al80blIGoVvYeUzD8M-ZIG34QUSwCXeTLcswqgwMgVXKbhATUcePGQY6-wGb7jVlrxrmymfqxU6AvlXOocadwj1YA4bIHVqq89MCclobyUJLs-CzzpjTLLiOyyI8PYYkRN82z5x17NyN6CsFlQ6vS_Vo.GVVTcUpk9oSKASfR5tMTeHyfNEAh4YQy0sEVmxQdFkE&dib_tag=se&keywords=laptop&qid=1762966273&sprefix=lap%2Caps%2C866&sr=8-173
64,"External CD/DVD Drive for Laptop, USB 3.0 CD Burner +/-RW CD ROM External DVD Drive Portable DVD Player for Laptop Desktop PC Apple Mac Windows 11/10/8/7/XP Linux OS",794,https://amazon.in//ORIGBELIE-External-Portable-Desktop-Windows/dp/B0C9DP3G86/ref=sr_1_174?crid=BRIHOKR3DFIP&dib=eyJ2IjoiMSJ9.vafiP8RDPsINcuPUCA-8bbDQv7i7jAGuIij2BF5snTlu-DK27VnFHkA3XUMH8aguShQxxL-3ves7Siv_DV1al80blIGoVvYeUzD8M-ZIG34QUSwCXeTLcswqgwMgVXKbhATUcePGQY6-wGb7jVlrxrmymfqxU6AvlXOocadwj1YA4bIHVqq89MCclobyUJLs-CzzpjTLLiOyyI8PYYkRN82z5x17NyN6CsFlQ6vS_Vo.GVVTcUpk9oSKASfR5tMTeHyfNEAh4YQy0sEVmxQdFkE&dib_tag=se&keywords=laptop&qid=1762966273&sprefix=lap%2Caps%2C866&sr=8-174
65,"amazon basics Pro Series 2.4G Wireless Ergonomic Mouse for PC, Mac, Laptop | Dual Modes | 3 Adjustable DPI Settings Up to 2400 | Shortcut Buttons | Connects up to 3 Devices (Black)","1,299",https://amazon.in//amazon-basics-Wireless-Ergonomic-Adjustable/dp/B0DB5QPX1C/ref=sr_1_175?crid=BRIHOKR3DFIP&dib=eyJ2IjoiMSJ9.vafiP8RDPsINcuPUCA-8bbDQv7i7jAGuIij2BF5snTlu-DK27VnFHkA3XUMH8aguShQxxL-3ves7Siv_DV1al80blIGoVvYeUzD8M-ZIG34QUSwCXeTLcswqgwMgVXKbhATUcePGQY6-wGb7jVlrxrmymfqxU6AvlXOocadwj1YA4bIHVqq89MCclobyUJLs-CzzpjTLLiOyyI8PYYkRN82z5x17NyN6CsFlQ6vS_Vo.GVVTcUpk9oSKASfR5tMTeHyfNEAh4YQy0sEVmxQdFkE&dib_tag=se&keywords=laptop&qid=1762966273&sprefix=lap%2Caps%2C866&sr=8-175
66,"Dyazo 13-13.3"" inch Laptop Sleeve case Cover Bag Compatible for All Notebooks Such as Mac Book Pro or Air 2023-2021 M2 M1 with Front Accessories Pocket Neoprene Black",379,https://amazon.in//Dyazo-Compatible-Notebooks-2023-2021-Accessories/dp/B0BVQWB4YZ/ref=sr_1_176?crid=BRIHOKR3DFIP&dib=eyJ2IjoiMSJ9.vafiP8RDPsINcuPUCA-8bbDQv7i7jAGuIij2BF5snTlu-DK27VnFHkA3XUMH8aguShQxxL-3ves7Siv_DV1al80blIGoVvYeUzD8M-ZIG34QUSwCXeTLcswqgwMgVXKbhATUcePGQY6-wGb7jVlrxrmymfqxU6AvlXOocadwj1YA4bIHVqq89MCclobyUJLs-CzzpjTLLiOyyI8PYYkRN82z5x17NyN6CsFlQ6vS_Vo.GVVTcUpk9oSKASfR5tMTeHyfNEAh4YQy0sEVmxQdFkE&dib_tag=se&keywords=laptop&qid=1762966273&sprefix=lap%2Caps%2C866&sr=8-176
67,"amazon basics Pro Series 2.4G Wireless Ergonomic Mouse for PC, Mac, Laptop | Dual Modes | 3 Adjustable DPI Settings Up to 2400 | Shortcut Buttons | Connects up to 3 Devices (Black)","1,299",https://amazon.in//amazon-basics-Wireless-Ergonomic-Adjustable/dp/B0DB5QPX1C/ref=sr_1_177?crid=BRIHOKR3DFIP&dib=eyJ2IjoiMSJ9.VzjVrTCZvGdE_FJkhuKBW72RVX-uqyya4lTU2tH3pGI8UxMvtpSig81KK9hucR0Sb6lLNO6MeyLjX1fP9BhFyG11rfIhzHOcxKRx19ZtEemQDs5le52bEYxXeZOariBT6msCiyUe4LHh265G_8QxRGKf812LFluT7GdMrCHsq5UwX8kBMKJ33872hKYB893CbkHnnxA3PvRoO_0p-UcUA2WM3uKAAFaE6Fb3J2m_5ms.73RlyiDNrAfIkIEIGL-LYpMp4xkHjLnNJIh1MSC1H20&dib_tag=se&keywords=laptop&qid=1762966282&sprefix=lap%2Caps%2C866&sr=8-177
68,"External CD/DVD Drive for Laptop, USB 3.0 CD Burner +/-RW CD ROM External DVD Drive Portable DVD Player for Laptop Desktop PC Apple Mac Windows 11/10/8/7/XP Linux OS",794,https://amazon.in//ORIGBELIE-External-Portable-Desktop-Windows/dp/B0C9DP3G86/ref=sr_1_178?crid=BRIHOKR3DFIP&dib=eyJ2IjoiMSJ9.VzjVrTCZvGdE_FJkhuKBW72RVX-uqyya4lTU2tH3pGI8UxMvtpSig81KK9hucR0Sb6lLNO6MeyLjX1fP9BhFyG11rfIhzHOcxKRx19ZtEemQDs5le52bEYxXeZOariBT6msCiyUe4LHh265G_8QxRGKf812LFluT7GdMrCHsq5UwX8kBMKJ33872hKYB893CbkHnnxA3PvRoO_0p-UcUA2WM3uKAAFaE6Fb3J2m_5ms.73RlyiDNrAfIkIEIGL-LYpMp4xkHjLnNJIh1MSC1H20&dib_tag=se&keywords=laptop&qid=1762966282&sprefix=lap%2Caps%2C866&sr=8-178
69,OneAssist 2 Years Total Protection Plan for Laptop Between INR 70001-80000 (E-Mail Delivery Only),"3,799",https://amazon.in//OneAssist-Protection-Between-70001-80000-Delivery/dp/B0CM6ZJJRM/ref=sr_1_179?crid=BRIHOKR3DFIP&dib=eyJ2IjoiMSJ9.VzjVrTCZvGdE_FJkhuKBW72RVX-uqyya4lTU2tH3pGI8UxMvtpSig81KK9hucR0Sb6lLNO6MeyLjX1fP9BhFyG11rfIhzHOcxKRx19ZtEemQDs5le52bEYxXeZOariBT6msCiyUe4LHh265G_8QxRGKf812LFluT7GdMrCHsq5UwX8kBMKJ33872hKYB893CbkHnnxA3PvRoO_0p-UcUA2WM3uKAAFaE6Fb3J2m_5ms.73RlyiDNrAfIkIEIGL-LYpMp4xkHjLnNJIh1MSC1H20&dib_tag=se&keywords=laptop&qid=1762966282&sprefix=lap%2Caps%2C866&sr=8-179
70,"Dyazo 13-13.3"" inch Laptop Sleeve case Cover Bag Compatible for All Notebooks Such as Mac Book Pro or Air 2023-2021 M2 M1 with Front Accessories Pocket Neoprene Black",379,https://amazon.in//Dyazo-Compatible-Notebooks-2023-2021-Accessories/dp/B0BVQWB4YZ/ref=sr_1_180?crid=BRIHOKR3DFIP&dib=eyJ2IjoiMSJ9.VzjVrTCZvGdE_FJkhuKBW72RVX-uqyya4lTU2tH3pGI8UxMvtpSig81KK9hucR0Sb6lLNO6MeyLjX1fP9BhFyG11rfIhzHOcxKRx19ZtEemQDs5le52bEYxXeZOariBT6msCiyUe4LHh265G_8QxRGKf812LFluT7GdMrCHsq5UwX8kBMKJ33872hKYB893CbkHnnxA3PvRoO_0p-UcUA2WM3uKAAFaE6Fb3J2m_5ms.73RlyiDNrAfIkIEIGL-LYpMp4xkHjLnNJIh1MSC1H20&dib_tag=se&keywords=laptop&qid=1762966282&sprefix=lap%2Caps%2C866&sr=8-180
71,"amazon basics 360Â° Rotating Metal Laptop Stand (Black)| Adjustable Height & Angle | Foldable, Sturdy Carbon Steel | Enhanced Airflow | Supports up to 10kg | Compatible with Laptops & MacBook",869,https://amazon.in//amazon-basics-Rotation-Adjustable-Foldable/dp/B0DM8HD3SF/ref=sr_1_181?crid=BRIHOKR3DFIP&dib=eyJ2IjoiMSJ9.VzjVrTCZvGdE_FJkhuKBW72RVX-uqyya4lTU2tH3pGI8UxMvtpSig81KK9hucR0Sb6lLNO6MeyLjX1fP9BhFyG11rfIhzHOcxKRx19ZtEemQDs5le52bEYxXeZOariBT6msCiyUe4LHh265G_8QxRGKf812LFluT7GdMrCHsq5UwX8kBMKJ33872hKYB893CbkHnnxA3PvRoO_0p-UcUA2WM3uKAAFaE6Fb3J2m_5ms.73RlyiDNrAfIkIEIGL-LYpMp4xkHjLnNJIh1MSC1H20&dib_tag=se&keywords=laptop&qid=1762966282&sprefix=lap%2Caps%2C866&sr=8-181
72,"Dell MS116 Wired Optical Mouse - High Precision 1000DPI Sensor, USB Connectivity, Ergonomic Ambidextrous Design, Smooth Scrolling, Ideal for Office & Home Use - Black",309,https://amazon.in//Dell-MS116-1000DPI-Wired-Optical/dp/B01HJI0FS2/ref=sr_1_182?crid=BRIHOKR3DFIP&dib=eyJ2IjoiMSJ9.VzjVrTCZvGdE_FJkhuKBW72RVX-uqyya4lTU2tH3pGI8UxMvtpSig81KK9hucR0Sb6lLNO6MeyLjX1fP9BhFyG11rfIhzHOcxKRx19ZtEemQDs5le52bEYxXeZOariBT6msCiyUe4LHh265G_8QxRGKf812LFluT7GdMrCHsq5UwX8kBMKJ33872hKYB893CbkHnnxA3PvRoO_0p-UcUA2WM3uKAAFaE6Fb3J2m_5ms.73RlyiDNrAfIkIEIGL-LYpMp4xkHjLnNJIh1MSC1H20&dib_tag=se&keywords=laptop&qid=1762966282&sprefix=lap%2Caps%2C866&sr=8-182
73,"HP 255 G10 Laptop for Home or Work, 16GB RAM, 1TB SSD, 15.6"" Full HD, Ryzen 3 7330U (Beat Intel i5-1135G7), HDMI, USB-C, Windows 11 Pro, Business and Fun Ready","36,550",https://amazon.in//HP-255-i5-1135G7-Windows-Business/dp/B0DCSYTVDD/ref=sr_1_34?crid=BRIHOKR3DFIP&dib=eyJ2IjoiMSJ9.dm2EKRPFVTFwwgt2Yc4K5qTISUAaktXG-ozC5OLatiSB2ptz36LhrDG8k8rlr-6vUnnJEYF7TImkFUujJPReysw1Qriz6iio915Gu55w4St7ywb49wwVylhcry3OkLGZwgVMYK2b2EGLqPmiXIpN9YMXJDS8snAms6p_vkHqo4TRBetWnCoeCJ2ZaK70UKZRafHeOk8yAI9Bthe3zMIMPrUsDd0VhJzMUMigSiC9GYQ.w8QMv9h6B0qC0xMScvS0PrEibdTyoSgeXnx_5sar3Yc&dib_tag=se&keywords=laptop&qid=1762966213&sprefix=lap%2Caps%2C866&sr=8-34
74,"Zebronics Zeb-Crystal Clear Web Camera, 0.3 MP with USB with 3P Lens,Built-in Microphone,Auto White Balance,Night Vision and Manual Switch for LED (Black)",699,https://amazon.in//Zebronics-Zeb-Crystal-Clear-Microphone-Balance/dp/B08CSMM7RT/ref=sr_1_183?crid=BRIHOKR3DFIP&dib=eyJ2IjoiMSJ9.VzjVrTCZvGdE_FJkhuKBW72RVX-uqyya4lTU2tH3pGI8UxMvtpSig81KK9hucR0Sb6lLNO6MeyLjX1fP9BhFyG11rfIhzHOcxKRx19ZtEemQDs5le52bEYxXeZOariBT6msCiyUe4LHh265G_8QxRGKf812LFluT7GdMrCHsq5UwX8kBMKJ33872hKYB893CbkHnnxA3PvRoO_0p-UcUA2WM3uKAAFaE6Fb3J2m_5ms.73RlyiDNrAfIkIEIGL-LYpMp4xkHjLnNJIh1MSC1H20&dib_tag=se&keywords=laptop&qid=1762966282&sprefix=lap%2Caps%2C866&sr=8-183
75,Artis 65Watt Universal Laptop Adapter with 8 Interchangeable Connector pins (Power Cord Included) Compatible with USB Type C/Dell/HP/Lenovo/ASUS/Acer/Samsung/Compaq/IBM/Toshiba,"1,099",https://amazon.in//Artis-Universal-Adapter-Interchangeable-Connector/dp/B01KQWPRQS/ref=sr_1_184?crid=BRIHOKR3DFIP&dib=eyJ2IjoiMSJ9.VzjVrTCZvGdE_FJkhuKBW72RVX-uqyya4lTU2tH3pGI8UxMvtpSig81KK9hucR0Sb6lLNO6MeyLjX1fP9BhFyG11rfIhzHOcxKRx19ZtEemQDs5le52bEYxXeZOariBT6msCiyUe4LHh265G_8QxRGKf812LFluT7GdMrCHsq5UwX8kBMKJ33872hKYB893CbkHnnxA3PvRoO_0p-UcUA2WM3uKAAFaE6Fb3J2m_5ms.73RlyiDNrAfIkIEIGL-LYpMp4xkHjLnNJIh1MSC1H20&dib_tag=se&keywords=laptop&qid=1762966282&sprefix=lap%2Caps%2C866&sr=8-184
76,"Vantro 200W Car Power Inverter/Laptop Charger with 3 USB (6.2A Max) & 1 C Type(1 * 27WPD) Smart USB Ports, 2 AC Universal Outlets and 12V DC to 220V AC with QC3.0 Model P2","2,399",https://amazon.in//Inverter-Charger-Universal-Outlets-Warranty/dp/B0C6KF5KX7/ref=sr_1_185?crid=BRIHOKR3DFIP&dib=eyJ2IjoiMSJ9.VzjVrTCZvGdE_FJkhuKBW72RVX-uqyya4lTU2tH3pGI8UxMvtpSig81KK9hucR0Sb6lLNO6MeyLjX1fP9BhFyG11rfIhzHOcxKRx19ZtEemQDs5le52bEYxXeZOariBT6msCiyUe4LHh265G_8QxRGKf812LFluT7GdMrCHsq5UwX8kBMKJ33872hKYB893CbkHnnxA3PvRoO_0p-UcUA2WM3uKAAFaE6Fb3J2m_5ms.73RlyiDNrAfIkIEIGL-LYpMp4xkHjLnNJIh1MSC1H20&dib_tag=se&keywords=laptop&qid=1762966282&sprefix=lap%2Caps%2C866&sr=8-185
77,ZOUK Office Bag | Stylish Bags for Office Use | Laptop Bag 15.6 inch | Stylish Tote for Office Use | Purse for Women | Vegan Leather Handbag | Daily & Travel Use |,"1,499",https://amazon.in//ZOUK-Multicolored-Printed-Handmade-Leather/dp/B07LB7V3MV/ref=sr_1_186?crid=BRIHOKR3DFIP&dib=eyJ2IjoiMSJ9.VzjVrTCZvGdE_FJkhuKBW72RVX-uqyya4lTU2tH3pGI8UxMvtpSig81KK9hucR0Sb6lLNO6MeyLjX1fP9BhFyG11rfIhzHOcxKRx19ZtEemQDs5le52bEYxXeZOariBT6msCiyUe4LHh265G_8QxRGKf812LFluT7GdMrCHsq5UwX8kBMKJ33872hKYB893CbkHnnxA3PvRoO_0p-UcUA2WM3uKAAFaE6Fb3J2m_5ms.73RlyiDNrAfIkIEIGL-LYpMp4xkHjLnNJIh1MSC1H20&dib_tag=se&keywords=laptop&qid=1762966282&sprefix=lap%2Caps%2C866&sr=8-186
78,"MOCA Hard Laptop Sleeve for MacBook 13-13.3 - 13.6-14 inch Laptop Sleeve Bag for MacBook Pro/Air M1 M2, Surface Laptop 3/2, Dell Inspiron 13/XPS 13, Shockproof & Water-Resistant",809,https://amazon.in//MOCA-Hard-Laptop-Sleeve-MacBook/dp/B0BTQSY8WV/ref=sr_1_187?crid=BRIHOKR3DFIP&dib=eyJ2IjoiMSJ9.VzjVrTCZvGdE_FJkhuKBW72RVX-uqyya4lTU2tH3pGI8UxMvtpSig81KK9hucR0Sb6lLNO6MeyLjX1fP9BhFyG11rfIhzHOcxKRx19ZtEemQDs5le52bEYxXeZOariBT6msCiyUe4LHh265G_8QxRGKf812LFluT7GdMrCHsq5UwX8kBMKJ33872hKYB893CbkHnnxA3PvRoO_0p-UcUA2WM3uKAAFaE6Fb3J2m_5ms.73RlyiDNrAfIkIEIGL-LYpMp4xkHjLnNJIh1MSC1H20&dib_tag=se&keywords=laptop&qid=1762966282&sprefix=lap%2Caps%2C866&sr=8-187
79,"Acko 2 Year Extended Warranty Plan for Laptop Between INR 60,001-100,000 (Email delivery)","4,599",https://amazon.in//Extended-Warranty-Between-001-100-delivery/dp/B0CFXFNWRY/ref=sr_1_188?crid=BRIHOKR3DFIP&dib=eyJ2IjoiMSJ9.VzjVrTCZvGdE_FJkhuKBW72RVX-uqyya4lTU2tH3pGI8UxMvtpSig81KK9hucR0Sb6lLNO6MeyLjX1fP9BhFyG11rfIhzHOcxKRx19ZtEemQDs5le52bEYxXeZOariBT6msCiyUe4LHh265G_8QxRGKf812LFluT7GdMrCHsq5UwX8kBMKJ33872hKYB893CbkHnnxA3PvRoO_0p-UcUA2WM3uKAAFaE6Fb3J2m_5ms.73RlyiDNrAfIkIEIGL-LYpMp4xkHjLnNJIh1MSC1H20&dib_tag=se&keywords=laptop&qid=1762966282&sprefix=lap%2Caps%2C866&sr=8-188
80,"Samsung Galaxy Tab S9 FE+ 31.50 cm (12.4 inch) Display, RAM 8 GB, ROM 128 GB Expandable, S Pen in-Box, Wi-Fi, IP68 Tablet, Silver","32,949",https://amazon.in//Samsung-Galaxy-Tab-S9-FE/dp/B0CXJ7RXW3/ref=sr_1_190?crid=BRIHOKR3DFIP&dib=eyJ2IjoiMSJ9.VzjVrTCZvGdE_FJkhuKBW72RVX-uqyya4lTU2tH3pGI8UxMvtpSig81KK9hucR0Sb6lLNO6MeyLjX1fP9BhFyG11rfIhzHOcxKRx19ZtEemQDs5le52bEYxXeZOariBT6msCiyUe4LHh265G_8QxRGKf812LFluT7GdMrCHsq5UwX8kBMKJ33872hKYB893CbkHnnxA3PvRoO_0p-UcUA2WM3uKAAFaE6Fb3J2m_5ms.73RlyiDNrAfIkIEIGL-LYpMp4xkHjLnNJIh1MSC1H20&dib_tag=se&keywords=laptop&qid=1762966282&sprefix=lap%2Caps%2C866&sr=8-190
81,"Amazon Basics Laptop Bag Sleeve Case Cover Pouch for Men & Women | 14.1 Inch Laptop/MacBook, Office/College Laptop Bag | Side Handle | Multiple Pockets | Water Repellent | Shock Absorber (Black)",299,https://amazon.in//MacBook-College-Multiple-Repellent-Absorber/dp/B0CPJ55B1J/ref=sr_1_191?crid=BRIHOKR3DFIP&dib=eyJ2IjoiMSJ9.VzjVrTCZvGdE_FJkhuKBW72RVX-uqyya4lTU2tH3pGI8UxMvtpSig81KK9hucR0Sb6lLNO6MeyLjX1fP9BhFyG11rfIhzHOcxKRx19ZtEemQDs5le52bEYxXeZOariBT6msCiyUe4LHh265G_8QxRGKf812LFluT7GdMrCHsq5UwX8kBMKJ33872hKYB893CbkHnnxA3PvRoO_0p-UcUA2WM3uKAAFaE6Fb3J2m_5ms.73RlyiDNrAfIkIEIGL-LYpMp4xkHjLnNJIh1MSC1H20&dib_tag=se&keywords=laptop&qid=1762966282&sprefix=lap%2Caps%2C866&sr=8-191
82,"Gizga Essentials Laptop Power Cable Cord- 3 Pin Adapter, 3 yrs Warranty (ISI Certified, 1 meter /3.3 Feet)",198,https://amazon.in//Gizga-Essentials-Laptop-Adapter-Certified/dp/B01IOZUHRS/ref=sr_1_192?crid=BRIHOKR3DFIP&dib=eyJ2IjoiMSJ9.VzjVrTCZvGdE_FJkhuKBW72RVX-uqyya4lTU2tH3pGI8UxMvtpSig81KK9hucR0Sb6lLNO6MeyLjX1fP9BhFyG11rfIhzHOcxKRx19ZtEemQDs5le52bEYxXeZOariBT6msCiyUe4LHh265G_8QxRGKf812LFluT7GdMrCHsq5UwX8kBMKJ33872hKYB893CbkHnnxA3PvRoO_0p-UcUA2WM3uKAAFaE6Fb3J2m_5ms.73RlyiDNrAfIkIEIGL-LYpMp4xkHjLnNJIh1MSC1H20&dib_tag=se&keywords=laptop&qid=1762966282&sprefix=lap%2Caps%2C866&sr=8-192
83,"Lenovo IdeaPad Slim 3, 12th Gen Intel Core i5-12450H (16GB LPDDR5, 512GB SSD), Anti-glare, FHD 15.6""(39.6cm), Win 11, Office Home 2024, Arctic Grey, 1.62Kg, 83ER00MDIN, Thin & Light, Backlit KB Laptop","47,400",https://amazon.in//Lenovo-IdeaPad-i5-12450H-Anti-glare-83ER00MDIN/dp/B0FH71SN5N/ref=sr_1_35?crid=BRIHOKR3DFIP&dib=eyJ2IjoiMSJ9.dm2EKRPFVTFwwgt2Yc4K5qTISUAaktXG-ozC5OLatiSB2ptz36LhrDG8k8rlr-6vUnnJEYF7TImkFUujJPReysw1Qriz6iio915Gu55w4St7ywb49wwVylhcry3OkLGZwgVMYK2b2EGLqPmiXIpN9YMXJDS8snAms6p_vkHqo4TRBetWnCoeCJ2ZaK70UKZRafHeOk8yAI9Bthe3zMIMPrUsDd0VhJzMUMigSiC9GYQ.w8QMv9h6B0qC0xMScvS0PrEibdTyoSgeXnx_5sar3Yc&dib_tag=se&keywords=laptop&qid=1762966213&sprefix=lap%2Caps%2C866&sr=8-35
84,"Laptop Skin Stickers Bubble-Free HD Quality Sticker for Laptops Upto 15.6"" Compatible with Apple/Dell/HP/Lenovo/Acer/Asus/Sony (Dustproof|Waterproof|Scratchproof|Reusable)-Anime Multi",203,https://amazon.in//ANCIARY-Bubble-Free-Compatible-Waterproof-Scratchproof/dp/B0C6FJ8CFJ/ref=sr_1_193?crid=BRIHOKR3DFIP&dib=eyJ2IjoiMSJ9.ZY103uYl8ctaUICWDk4zKCHBkg0s3yOmyTvNdvzLQV1lWkTLpH4YaJI-zJzREnUfKYaOT9QHhN5fQ6z2yXI-cyI7iCUpozbft0-7vEboD4BktD1KjZ24vszBaOsYvKwheJ4mQ5lVz7j6i8dbeNVi5OjOldU1dZEmfvIV2sBFVQhSfi9hpYAcAYiLpr1OHjxuW2wkWv0U1FpoQCWJM4761d3ef7668Hommax5SkYRRfE.Oj0S_rdXJ_7VXl8uM_o52VHlW1Wg4Ee3vBOgL8__No4&dib_tag=se&keywords=laptop&qid=1762966288&sprefix=lap%2Caps%2C866&sr=8-193
85,"HUION HS64 Graphics Drawing Tablet Battery-Free Stylus Android Windows macOS with 6.3 x 4 inch Working Area Pen Tablet for Linux, Mac, Windows PC and Android (HS64, 6.3 x 4 inch), Black","2,176",https://amazon.in//Graphics-Drawing-Battery-Free-Android-Windows/dp/B07P4MSJZ8/ref=sr_1_194?crid=BRIHOKR3DFIP&dib=eyJ2IjoiMSJ9.ZY103uYl8ctaUICWDk4zKCHBkg0s3yOmyTvNdvzLQV1lWkTLpH4YaJI-zJzREnUfKYaOT9QHhN5fQ6z2yXI-cyI7iCUpozbft0-7vEboD4BktD1KjZ24vszBaOsYvKwheJ4mQ5lVz7j6i8dbeNVi5OjOldU1dZEmfvIV2sBFVQhSfi9hpYAcAYiLpr1OHjxuW2wkWv0U1FpoQCWJM4761d3ef7668Hommax5SkYRRfE.Oj0S_rdXJ_7VXl8uM_o52VHlW1Wg4Ee3vBOgL8__No4&dib_tag=se&keywords=laptop&qid=1762966288&sprefix=lap%2Caps%2C866&sr=8-194
86,"Zebronics Zeb-Comfort Wired USB Mouse, 3-Button, 1000 DPI Optical Sensor, Plug & Play, for Windows/Mac, Black",99,https://amazon.in//ZEBRONICS-Zeb-Comfort-3-Button-Optical-Windows/dp/B079Y6JZC8/ref=sr_1_195?crid=BRIHOKR3DFIP&dib=eyJ2IjoiMSJ9.ZY103uYl8ctaUICWDk4zKCHBkg0s3yOmyTvNdvzLQV1lWkTLpH4YaJI-zJzREnUfKYaOT9QHhN5fQ6z2yXI-cyI7iCUpozbft0-7vEboD4BktD1KjZ24vszBaOsYvKwheJ4mQ5lVz7j6i8dbeNVi5OjOldU1dZEmfvIV2sBFVQhSfi9hpYAcAYiLpr1OHjxuW2wkWv0U1FpoQCWJM4761d3ef7668Hommax5SkYRRfE.Oj0S_rdXJ_7VXl8uM_o52VHlW1Wg4Ee3vBOgL8__No4&dib_tag=se&keywords=laptop&qid=1762966288&sprefix=lap%2Caps%2C866&sr=8-195
87,"boAt EnergyShroom PB600 PowerPulse 27000mAh Power Bank| 160W Total Output, 2xUSB-C (2-Way Port), 2xUSB-A Port, 100W Type-C to C Cable, Compatible w/Laptop, Smartphone, Tablets Earphone,Watch(Gunmetal)","4,499",https://amazon.in//boAt-EnergyShroom-PB600-PowerPulse-Compatible/dp/B0DK3DVJDR/ref=sr_1_196?crid=BRIHOKR3DFIP&dib=eyJ2IjoiMSJ9.ZY103uYl8ctaUICWDk4zKCHBkg0s3yOmyTvNdvzLQV1lWkTLpH4YaJI-zJzREnUfKYaOT9QHhN5fQ6z2yXI-cyI7iCUpozbft0-7vEboD4BktD1KjZ24vszBaOsYvKwheJ4mQ5lVz7j6i8dbeNVi5OjOldU1dZEmfvIV2sBFVQhSfi9hpYAcAYiLpr1OHjxuW2wkWv0U1FpoQCWJM4761d3ef7668Hommax5SkYRRfE.Oj0S_rdXJ_7VXl8uM_o52VHlW1Wg4Ee3vBOgL8__No4&dib_tag=se&keywords=laptop&qid=1762966288&sprefix=lap%2Caps%2C866&sr=8-196
88,"Portronics Toad 23 Wireless Optical Mouse with 2.4GHz, USB Nano Dongle, Optical Orientation, Click Wheel, Adjustable DPI(Black)",299,https://amazon.in//Portronics-Wireless-Optical-Orientation-Adjustable/dp/B0B296NTFV/ref=sr_1_198?crid=BRIHOKR3DFIP&dib=eyJ2IjoiMSJ9.ZY103uYl8ctaUICWDk4zKCHBkg0s3yOmyTvNdvzLQV1lWkTLpH4YaJI-zJzREnUfKYaOT9QHhN5fQ6z2yXI-cyI7iCUpozbft0-7vEboD4BktD1KjZ24vszBaOsYvKwheJ4mQ5lVz7j6i8dbeNVi5OjOldU1dZEmfvIV2sBFVQhSfi9hpYAcAYiLpr1OHjxuW2wkWv0U1FpoQCWJM4761d3ef7668Hommax5SkYRRfE.Oj0S_rdXJ_7VXl8uM_o52VHlW1Wg4Ee3vBOgL8__No4&dib_tag=se&keywords=laptop&qid=1762966288&sprefix=lap%2Caps%2C866&sr=8-198
89,"Logitech B170 Wireless Mouse with USB Receiver,(Black)",599,https://amazon.in//Logitech-B170-Wireless-Mouse-Black/dp/B01J0XWYKQ/ref=sr_1_199?crid=BRIHOKR3DFIP&dib=eyJ2IjoiMSJ9.ZY103uYl8ctaUICWDk4zKCHBkg0s3yOmyTvNdvzLQV1lWkTLpH4YaJI-zJzREnUfKYaOT9QHhN5fQ6z2yXI-cyI7iCUpozbft0-7vEboD4BktD1KjZ24vszBaOsYvKwheJ4mQ5lVz7j6i8dbeNVi5OjOldU1dZEmfvIV2sBFVQhSfi9hpYAcAYiLpr1OHjxuW2wkWv0U1FpoQCWJM4761d3ef7668Hommax5SkYRRfE.Oj0S_rdXJ_7VXl8uM_o52VHlW1Wg4Ee3vBOgL8__No4&dib_tag=se&keywords=laptop&qid=1762966288&sprefix=lap%2Caps%2C866&sr=8-199
90,"Amazon Basics USB Type-C Hub Dock, 8-in-1 HDCP Aluminium Adapter with 4K HDMI & Ethernet Port,100mbps, Power Delivery, TF/SD Card Reader, Mac & Windows USB-C & 3.0 Devices","1,049",https://amazon.in//Aluminium-Adapter-Ethernet-100mbps-Delivery/dp/B0BT179DV6/ref=sr_1_200?crid=BRIHOKR3DFIP&dib=eyJ2IjoiMSJ9.ZY103uYl8ctaUICWDk4zKCHBkg0s3yOmyTvNdvzLQV1lWkTLpH4YaJI-zJzREnUfKYaOT9QHhN5fQ6z2yXI-cyI7iCUpozbft0-7vEboD4BktD1KjZ24vszBaOsYvKwheJ4mQ5lVz7j6i8dbeNVi5OjOldU1dZEmfvIV2sBFVQhSfi9hpYAcAYiLpr1OHjxuW2wkWv0U1FpoQCWJM4761d3ef7668Hommax5SkYRRfE.Oj0S_rdXJ_7VXl8uM_o52VHlW1Wg4Ee3vBOgL8__No4&dib_tag=se&keywords=laptop&qid=1762966288&sprefix=lap%2Caps%2C866&sr=8-200
91,"Portronics Toad 35 Wireless Mouse with 2.4 GHz Wireless, Adjustable Sensitivity, USB Receiver, Ergonomic Design, for Laptops, Desktops PC, Mac (Black)",271,https://amazon.in//Portronics-Wireless-Adjustable-Sensitivity-Ergonomic/dp/B0DGGXJYLV/ref=sr_1_201?crid=BRIHOKR3DFIP&dib=eyJ2IjoiMSJ9.ZY103uYl8ctaUICWDk4zKCHBkg0s3yOmyTvNdvzLQV1lWkTLpH4YaJI-zJzREnUfKYaOT9QHhN5fQ6z2yXI-cyI7iCUpozbft0-7vEboD4BktD1KjZ24vszBaOsYvKwheJ4mQ5lVz7j6i8dbeNVi5OjOldU1dZEmfvIV2sBFVQhSfi9hpYAcAYiLpr1OHjxuW2wkWv0U1FpoQCWJM4761d3ef7668Hommax5SkYRRfE.Oj0S_rdXJ_7VXl8uM_o52VHlW1Wg4Ee3vBOgL8__No4&dib_tag=se&keywords=laptop&qid=1762966288&sprefix=lap%2Caps%2C866&sr=8-201
92,HASTHIPÂ® Laptop Case Cover for New MacBook Air 13.6 Inch M4 A3240 M3 A3113 M2 A2681 Retina Display&Touch ID 2025 2024 2022 Mac Book 13.6 Inch Case for Apple Clear Plastic Hard Shell Cover Protective,696,https://amazon.in//HASTHIP%C2%AE-MacBook-Compatible-Waterproof-Protector/dp/B0BKRL82D3/ref=sr_1_202?crid=BRIHOKR3DFIP&dib=eyJ2IjoiMSJ9.ZY103uYl8ctaUICWDk4zKCHBkg0s3yOmyTvNdvzLQV1lWkTLpH4YaJI-zJzREnUfKYaOT9QHhN5fQ6z2yXI-cyI7iCUpozbft0-7vEboD4BktD1KjZ24vszBaOsYvKwheJ4mQ5lVz7j6i8dbeNVi5OjOldU1dZEmfvIV2sBFVQhSfi9hpYAcAYiLpr1OHjxuW2wkWv0U1FpoQCWJM4761d3ef7668Hommax5SkYRRfE.Oj0S_rdXJ_7VXl8uM_o52VHlW1Wg4Ee3vBOgL8__No4&dib_tag=se&keywords=laptop&qid=1762966288&sprefix=lap%2Caps%2C866&sr=8-202
93,"HP Omen, Intel Core i7-14650HX 14th Gen, 8GB RTX 5050, 24GB DDR5(Upgradeable) 1TB SSD, 165Hz, 2k WUXGA, 3ms, 400 nits, 16''/40.6cm, Win11, M365* Office24, Black, 2.43kg, am0241TX, RGB Gaming Laptop","1,29,990",https://amazon.in//HP-i7-14650HX-Upgradeable-Office24-am0241TX/dp/B0FDKRKC92/ref=sr_1_36?crid=BRIHOKR3DFIP&dib=eyJ2IjoiMSJ9.dm2EKRPFVTFwwgt2Yc4K5qTISUAaktXG-ozC5OLatiSB2ptz36LhrDG8k8rlr-6vUnnJEYF7TImkFUujJPReysw1Qriz6iio915Gu55w4St7ywb49wwVylhcry3OkLGZwgVMYK2b2EGLqPmiXIpN9YMXJDS8snAms6p_vkHqo4TRBetWnCoeCJ2ZaK70UKZRafHeOk8yAI9Bthe3zMIMPrUsDd0VhJzMUMigSiC9GYQ.w8QMv9h6B0qC0xMScvS0PrEibdTyoSgeXnx_5sar3Yc&dib_tag=se&keywords=laptop&qid=1762966213&sprefix=lap%2Caps%2C866&sr=8-36
94,"MOCA Beautiful kinmac Canvas Hand Bag Sleeve Carry case for 15 15.6 16 inch MacBook/Universal Laptop Sleeve Hand Bag for 15 15.6 16 inch Sleeve Bag (for 15.4/15.6/16 Inch Laptop, Space), Multi color","1,269",https://amazon.in//MOCA-Beautiful-kinmac-MacBook-Universal/dp/B091XRRW2T/ref=sr_1_203?crid=BRIHOKR3DFIP&dib=eyJ2IjoiMSJ9.ZY103uYl8ctaUICWDk4zKCHBkg0s3yOmyTvNdvzLQV1lWkTLpH4YaJI-zJzREnUfKYaOT9QHhN5fQ6z2yXI-cyI7iCUpozbft0-7vEboD4BktD1KjZ24vszBaOsYvKwheJ4mQ5lVz7j6i8dbeNVi5OjOldU1dZEmfvIV2sBFVQhSfi9hpYAcAYiLpr1OHjxuW2wkWv0U1FpoQCWJM4761d3ef7668Hommax5SkYRRfE.Oj0S_rdXJ_7VXl8uM_o52VHlW1Wg4Ee3vBOgL8__No4&dib_tag=se&keywords=laptop&qid=1762966288&sprefix=lap%2Caps%2C866&sr=8-203
95,DailyObjects Large Stria Portable Laptop Sleeve | Durable Polyester |Compatible with Laptop/MacBook Air/Pro Upto 15 Inch |Lightweight Water Resistant Fabric |Padded Compartment with Zip Closure- Grey,"1,599",https://amazon.in//DailyObjects-Polyester-Compatible-Lightweight-Compartment/dp/B0CRV6VQKF/ref=sr_1_204?crid=BRIHOKR3DFIP&dib=eyJ2IjoiMSJ9.ZY103uYl8ctaUICWDk4zKCHBkg0s3yOmyTvNdvzLQV1lWkTLpH4YaJI-zJzREnUfKYaOT9QHhN5fQ6z2yXI-cyI7iCUpozbft0-7vEboD4BktD1KjZ24vszBaOsYvKwheJ4mQ5lVz7j6i8dbeNVi5OjOldU1dZEmfvIV2sBFVQhSfi9hpYAcAYiLpr1OHjxuW2wkWv0U1FpoQCWJM4761d3ef7668Hommax5SkYRRfE.Oj0S_rdXJ_7VXl8uM_o52VHlW1Wg4Ee3vBOgL8__No4&dib_tag=se&keywords=laptop&qid=1762966288&sprefix=lap%2Caps%2C866&sr=8-204
96,"Stuffcool Major Ultra 65W PD Super Fast USB Charging 20000Mah Laptop Powerbank Supports Super Fast Charging 2.0, Charges Macbooks, Laptops, Dslrs and Gaming Console, Silver","2,599",https://amazon.in//Stuffcool-Major-Ultra-Charging-Powerbank/dp/B0D5JKBJTQ/ref=sr_1_205?crid=BRIHOKR3DFIP&dib=eyJ2IjoiMSJ9.ZY103uYl8ctaUICWDk4zKCHBkg0s3yOmyTvNdvzLQV1lWkTLpH4YaJI-zJzREnUfKYaOT9QHhN5fQ6z2yXI-cyI7iCUpozbft0-7vEboD4BktD1KjZ24vszBaOsYvKwheJ4mQ5lVz7j6i8dbeNVi5OjOldU1dZEmfvIV2sBFVQhSfi9hpYAcAYiLpr1OHjxuW2wkWv0U1FpoQCWJM4761d3ef7668Hommax5SkYRRfE.Oj0S_rdXJ_7VXl8uM_o52VHlW1Wg4Ee3vBOgL8__No4&dib_tag=se&keywords=laptop&qid=1762966288&sprefix=lap%2Caps%2C866&sr=8-205
97,GadgetBite Magnetic Laptop Mobile Holder for Home Office Outdoor Compatible with Magsafe MacBook Mobile Stand for iPhone 16 15 14 13 12 Series (Silver),799,https://amazon.in//GadgetBite-Magnetic-Outdoor-Compatible-Magsafe/dp/B0F23TRGC2/ref=sr_1_206?crid=BRIHOKR3DFIP&dib=eyJ2IjoiMSJ9.ZY103uYl8ctaUICWDk4zKCHBkg0s3yOmyTvNdvzLQV1lWkTLpH4YaJI-zJzREnUfKYaOT9QHhN5fQ6z2yXI-cyI7iCUpozbft0-7vEboD4BktD1KjZ24vszBaOsYvKwheJ4mQ5lVz7j6i8dbeNVi5OjOldU1dZEmfvIV2sBFVQhSfi9hpYAcAYiLpr1OHjxuW2wkWv0U1FpoQCWJM4761d3ef7668Hommax5SkYRRfE.Oj0S_rdXJ_7VXl8uM_o52VHlW1Wg4Ee3vBOgL8__No4&dib_tag=se&keywords=laptop&qid=1762966288&sprefix=lap%2Caps%2C866&sr=8-206
98,VGRASSP Educational Mini Laptop Computer for Kids Boys Girls - Learning Alphabet and Numbers with LED Display and Music - 16 x 14 cms - Colour As per Stock,399,https://amazon.in//vGRASSP-Kids-Learning-Educational-Laptop/dp/B08KTKW9VZ/ref=sr_1_207?crid=BRIHOKR3DFIP&dib=eyJ2IjoiMSJ9.ZY103uYl8ctaUICWDk4zKCHBkg0s3yOmyTvNdvzLQV1lWkTLpH4YaJI-zJzREnUfKYaOT9QHhN5fQ6z2yXI-cyI7iCUpozbft0-7vEboD4BktD1KjZ24vszBaOsYvKwheJ4mQ5lVz7j6i8dbeNVi5OjOldU1dZEmfvIV2sBFVQhSfi9hpYAcAYiLpr1OHjxuW2wkWv0U1FpoQCWJM4761d3ef7668Hommax5SkYRRfE.Oj0S_rdXJ_7VXl8uM_o52VHlW1Wg4Ee3vBOgL8__No4&dib_tag=se&keywords=laptop&qid=1762966288&sprefix=lap%2Caps%2C866&sr=8-207
99,ASUS U65W-01 Mini Mulit-Tips Adaptor/Charger Pin with Plug Dimension 4.0mm*1/4.5mm*1/5.5mm*1 - Black,"2,099",https://amazon.in//ASUS-U65W-01-Universal-Mulit-Tips-Dimension/dp/B08KTSCWT4/ref=sr_1_208?crid=BRIHOKR3DFIP&dib=eyJ2IjoiMSJ9.ZY103uYl8ctaUICWDk4zKCHBkg0s3yOmyTvNdvzLQV1lWkTLpH4YaJI-zJzREnUfKYaOT9QHhN5fQ6z2yXI-cyI7iCUpozbft0-7vEboD4BktD1KjZ24vszBaOsYvKwheJ4mQ5lVz7j6i8dbeNVi5OjOldU1dZEmfvIV2sBFVQhSfi9hpYAcAYiLpr1OHjxuW2wkWv0U1FpoQCWJM4761d3ef7668Hommax5SkYRRfE.Oj0S_rdXJ_7VXl8uM_o52VHlW1Wg4Ee3vBOgL8__No4&dib_tag=se&keywords=laptop&qid=1762966288&sprefix=lap%2Caps%2C866&sr=8-208
100,"Ant Esports Lapi MousePad 260X210X3mm Anti-fray Stitching, Universal Shortcut Sheet Waterproof Surface & Non-Slip Rubber Base Stitched Edges Mouse Mat for Laptop,Compatible with Laser and Optical Mice",99,https://amazon.in//Ant-Esports-Lapi-260X210X3mm-Waterproof/dp/B0FFH26PTG/ref=sr_1_209?crid=BRIHOKR3DFIP&dib=eyJ2IjoiMSJ9.XlOG6zYzSoKDhC30mne1X-KOfS3XDMMhUd3LiEHx5TAcKG5tYClmVyummJ-oJRHUIyebFrTYJjEZ2xVCS7_bGrhTkBbSdCnDxPTYUcSpbsYajlq97e5_tf9XOdVh87PB1ULtdLEZz_qyONjbgAkQ9T2Dw5gy4zI-QKIcAszvpocszfII420JcNzoPqcxEqx2gipeDdNddbapsxYPFInZskkRlv0CbHLnQWB18mLRyps.CJMs_yCnizl8LFXjhXj7iFXhmDxBmmuqIU2Zygfr934&dib_tag=se&keywords=laptop&qid=1762966295&sprefix=lap%2Caps%2C866&sr=8-209
101,"Portronics Toad 103 Wired Optical Mouse with 2400 DPI, Plug & Play, Ambidextrous, Hi-Optical Tracking, 1.5M Cable Length, 30 Lakhs Click Life, Ergonomic Mouse for Comfortable All-Day Grip (Black)",189,https://amazon.in//Portronics-Ambidextrous-Hi-Optical-Ergonomic-Comfortable/dp/B0F5Q9QTH1/ref=sr_1_210?crid=BRIHOKR3DFIP&dib=eyJ2IjoiMSJ9.XlOG6zYzSoKDhC30mne1X-KOfS3XDMMhUd3LiEHx5TAcKG5tYClmVyummJ-oJRHUIyebFrTYJjEZ2xVCS7_bGrhTkBbSdCnDxPTYUcSpbsYajlq97e5_tf9XOdVh87PB1ULtdLEZz_qyONjbgAkQ9T2Dw5gy4zI-QKIcAszvpocszfII420JcNzoPqcxEqx2gipeDdNddbapsxYPFInZskkRlv0CbHLnQWB18mLRyps.CJMs_yCnizl8LFXjhXj7iFXhmDxBmmuqIU2Zygfr934&dib_tag=se&keywords=laptop&qid=1762966295&sprefix=lap%2Caps%2C866&sr=8-210
102,"SWAPKART Portable Flexible Adjustable Eye Protection USB Reading Lamp with 14 LEDs and Flexible Gooseneck for,Reading,Study Notebook Laptop, Desktop, PC and MAC Computer (14 LED,Multi Colour)",299,https://amazon.in//SWAPKART-Portable-Adjustable-Protection-Gooseneck/dp/B09R4QRX5X/ref=sr_1_211?crid=BRIHOKR3DFIP&dib=eyJ2IjoiMSJ9.XlOG6zYzSoKDhC30mne1X-KOfS3XDMMhUd3LiEHx5TAcKG5tYClmVyummJ-oJRHUIyebFrTYJjEZ2xVCS7_bGrhTkBbSdCnDxPTYUcSpbsYajlq97e5_tf9XOdVh87PB1ULtdLEZz_qyONjbgAkQ9T2Dw5gy4zI-QKIcAszvpocszfII420JcNzoPqcxEqx2gipeDdNddbapsxYPFInZskkRlv0CbHLnQWB18mLRyps.CJMs_yCnizl8LFXjhXj7iFXhmDxBmmuqIU2Zygfr934&dib_tag=se&keywords=laptop&qid=1762966295&sprefix=lap%2Caps%2C866&sr=8-211
103,"EooCoo Hard Shell Case Compatible for Apple MacBook Air 13.6 inch 2025 2024 2022 M4 A3240 M3 A3113 M2 A2681 Retina Display&Touch ID,Laptop Case Cover&Keyboard Skin Cover&Screen Protector-Crystal Clear","1,171",https://amazon.in//EooCoo-Plastic-Compatible-Keyboard-Protector/dp/B0BRZST955/ref=sr_1_212?crid=BRIHOKR3DFIP&dib=eyJ2IjoiMSJ9.XlOG6zYzSoKDhC30mne1X-KOfS3XDMMhUd3LiEHx5TAcKG5tYClmVyummJ-oJRHUIyebFrTYJjEZ2xVCS7_bGrhTkBbSdCnDxPTYUcSpbsYajlq97e5_tf9XOdVh87PB1ULtdLEZz_qyONjbgAkQ9T2Dw5gy4zI-QKIcAszvpocszfII420JcNzoPqcxEqx2gipeDdNddbapsxYPFInZskkRlv0CbHLnQWB18mLRyps.CJMs_yCnizl8LFXjhXj7iFXhmDxBmmuqIU2Zygfr934&dib_tag=se&keywords=laptop&qid=1762966295&sprefix=lap%2Caps%2C866&sr=8-212
104,"Samsung Galaxy Book4 (Gray, 16GB RAM, 512GB SSD) | 15.6"" Full HD Screen | Intel Core i5 1335U Processor | Windows 11 Home | MS Office 2021 | Fingerprint Reader | Intel Iris XE Graphics | RJ45 LAN Port","49,700",https://amazon.in//Samsung-Processor-Windows-Fingerprint-Graphics/dp/B0D143SJ9R/ref=sr_1_37?crid=BRIHOKR3DFIP&dib=eyJ2IjoiMSJ9.dm2EKRPFVTFwwgt2Yc4K5qTISUAaktXG-ozC5OLatiSB2ptz36LhrDG8k8rlr-6vUnnJEYF7TImkFUujJPReysw1Qriz6iio915Gu55w4St7ywb49wwVylhcry3OkLGZwgVMYK2b2EGLqPmiXIpN9YMXJDS8snAms6p_vkHqo4TRBetWnCoeCJ2ZaK70UKZRafHeOk8yAI9Bthe3zMIMPrUsDd0VhJzMUMigSiC9GYQ.w8QMv9h6B0qC0xMScvS0PrEibdTyoSgeXnx_5sar3Yc&dib_tag=se&keywords=laptop&qid=1762966213&sprefix=lap%2Caps%2C866&sr=8-37
105,"Portronics Toad 8 Transparent Wireless Bluetooth Mouse with Dual Wireless (BT + 2.4 GHz), Rechargeable Battery, Noise-Free Clicking, Show/Hide Desktop, Multi-Device Pair, Adjust Sensitivity (Grey)",599,https://amazon.in//Portronics-Transparent-Rechargeable-Multi-Device-Sensitivity/dp/B0FDQ9M1SD/ref=sr_1_213?crid=BRIHOKR3DFIP&dib=eyJ2IjoiMSJ9.XlOG6zYzSoKDhC30mne1X-KOfS3XDMMhUd3LiEHx5TAcKG5tYClmVyummJ-oJRHUIyebFrTYJjEZ2xVCS7_bGrhTkBbSdCnDxPTYUcSpbsYajlq97e5_tf9XOdVh87PB1ULtdLEZz_qyONjbgAkQ9T2Dw5gy4zI-QKIcAszvpocszfII420JcNzoPqcxEqx2gipeDdNddbapsxYPFInZskkRlv0CbHLnQWB18mLRyps.CJMs_yCnizl8LFXjhXj7iFXhmDxBmmuqIU2Zygfr934&dib_tag=se&keywords=laptop&qid=1762966295&sprefix=lap%2Caps%2C866&sr=8-213
106,"HP M120 Wireless Mouse, USB-A Nano Dongle, 2.4 Ghz Wireless Connection, 6 Buttons, Up to 1600 Dpi, Optical Sensor, Ergonomic Design, 12-Month Battery Life, 3-Year Warranty, 60GÂ±5%, Black, 7J4G4Aa",549,https://amazon.in//HP-Wireless-Connection-Ergonomic-7J4G4AA/dp/B0827J11YM/ref=sr_1_214?crid=BRIHOKR3DFIP&dib=eyJ2IjoiMSJ9.XlOG6zYzSoKDhC30mne1X-KOfS3XDMMhUd3LiEHx5TAcKG5tYClmVyummJ-oJRHUIyebFrTYJjEZ2xVCS7_bGrhTkBbSdCnDxPTYUcSpbsYajlq97e5_tf9XOdVh87PB1ULtdLEZz_qyONjbgAkQ9T2Dw5gy4zI-QKIcAszvpocszfII420JcNzoPqcxEqx2gipeDdNddbapsxYPFInZskkRlv0CbHLnQWB18mLRyps.CJMs_yCnizl8LFXjhXj7iFXhmDxBmmuqIU2Zygfr934&dib_tag=se&keywords=laptop&qid=1762966295&sprefix=lap%2Caps%2C866&sr=8-214
107,MOCA Compatible 13.3 inch MacBook Laptop Bag Sleeve for 13 13.3 inch Apple MacBook Air Pro Retina 13 13.3 inch a1466 a1369 md101 a1278 a1502 MacBook 13.3 inch Sleeve Bag Cover (Black),639,https://amazon.in//MOCA-Compatible-MacBook-Laptop-Sleeve/dp/B0846LNNGX/ref=sr_1_215?crid=BRIHOKR3DFIP&dib=eyJ2IjoiMSJ9.XlOG6zYzSoKDhC30mne1X-KOfS3XDMMhUd3LiEHx5TAcKG5tYClmVyummJ-oJRHUIyebFrTYJjEZ2xVCS7_bGrhTkBbSdCnDxPTYUcSpbsYajlq97e5_tf9XOdVh87PB1ULtdLEZz_qyONjbgAkQ9T2Dw5gy4zI-QKIcAszvpocszfII420JcNzoPqcxEqx2gipeDdNddbapsxYPFInZskkRlv0CbHLnQWB18mLRyps.CJMs_yCnizl8LFXjhXj7iFXhmDxBmmuqIU2Zygfr934&dib_tag=se&keywords=laptop&qid=1762966295&sprefix=lap%2Caps%2C866&sr=8-215
108,"Waterproof Cover For 15.6 Inch Laptop Dustproof Scratch Proof Translucent Zip Lock Pvc Bag,Transparent",229,https://amazon.in//LappyRella-Waterproof-Dustproof-Translucent-Transparent/dp/B07X6QSM79/ref=sr_1_216?crid=BRIHOKR3DFIP&dib=eyJ2IjoiMSJ9.XlOG6zYzSoKDhC30mne1X-KOfS3XDMMhUd3LiEHx5TAcKG5tYClmVyummJ-oJRHUIyebFrTYJjEZ2xVCS7_bGrhTkBbSdCnDxPTYUcSpbsYajlq97e5_tf9XOdVh87PB1ULtdLEZz_qyONjbgAkQ9T2Dw5gy4zI-QKIcAszvpocszfII420JcNzoPqcxEqx2gipeDdNddbapsxYPFInZskkRlv0CbHLnQWB18mLRyps.CJMs_yCnizl8LFXjhXj7iFXhmDxBmmuqIU2Zygfr934&dib_tag=se&keywords=laptop&qid=1762966295&sprefix=lap%2Caps%2C866&sr=8-216
109,"BARROT Essentials Mini Device Cleaning Kit | Includes 50ml Non-Alcohol Screen Cleaner, 3 x High-Precision Brushes & 20x20CM Plush Microfiber",279,https://amazon.in//BARROT-Cleaning-Designed-Edgeless-Microfiber/dp/B0D5VXP81X/ref=sr_1_217?crid=BRIHOKR3DFIP&dib=eyJ2IjoiMSJ9.XlOG6zYzSoKDhC30mne1X-KOfS3XDMMhUd3LiEHx5TAcKG5tYClmVyummJ-oJRHUIyebFrTYJjEZ2xVCS7_bGrhTkBbSdCnDxPTYUcSpbsYajlq97e5_tf9XOdVh87PB1ULtdLEZz_qyONjbgAkQ9T2Dw5gy4zI-QKIcAszvpocszfII420JcNzoPqcxEqx2gipeDdNddbapsxYPFInZskkRlv0CbHLnQWB18mLRyps.CJMs_yCnizl8LFXjhXj7iFXhmDxBmmuqIU2Zygfr934&dib_tag=se&keywords=laptop&qid=1762966295&sprefix=lap%2Caps%2C866&sr=8-217
110,"Gizga Essentials 15.6 Inch Laptop Sleeve Case Cover Pouch Bag with Handle & Front Pocket| Slim & Water-Resistant Nylon Fabric with Shockproof Foam Padding, Soft Lining & Premium Zipper Closure (Black)",289,https://amazon.in//Essentials-Water-Resistant-Shockproof-Padding-Premium/dp/B09RFC8LJK/ref=sr_1_218?crid=BRIHOKR3DFIP&dib=eyJ2IjoiMSJ9.XlOG6zYzSoKDhC30mne1X-KOfS3XDMMhUd3LiEHx5TAcKG5tYClmVyummJ-oJRHUIyebFrTYJjEZ2xVCS7_bGrhTkBbSdCnDxPTYUcSpbsYajlq97e5_tf9XOdVh87PB1ULtdLEZz_qyONjbgAkQ9T2Dw5gy4zI-QKIcAszvpocszfII420JcNzoPqcxEqx2gipeDdNddbapsxYPFInZskkRlv0CbHLnQWB18mLRyps.CJMs_yCnizl8LFXjhXj7iFXhmDxBmmuqIU2Zygfr934&dib_tag=se&keywords=laptop&qid=1762966295&sprefix=lap%2Caps%2C866&sr=8-218
111,"Born Good 3-in-1 Plant-Based Electronics & Gadget Disinfectant Cleaner Kit for Laptop, Smartphone, Monitor, Tablet, Camera, TVs with 1 Microfiber Cloths & Soft Brush",199,https://amazon.in//Born-Good-Plant-Based-Electronics-Disinfectant/dp/B0F2T8DH5G/ref=sr_1_219?crid=BRIHOKR3DFIP&dib=eyJ2IjoiMSJ9.XlOG6zYzSoKDhC30mne1X-KOfS3XDMMhUd3LiEHx5TAcKG5tYClmVyummJ-oJRHUIyebFrTYJjEZ2xVCS7_bGrhTkBbSdCnDxPTYUcSpbsYajlq97e5_tf9XOdVh87PB1ULtdLEZz_qyONjbgAkQ9T2Dw5gy4zI-QKIcAszvpocszfII420JcNzoPqcxEqx2gipeDdNddbapsxYPFInZskkRlv0CbHLnQWB18mLRyps.CJMs_yCnizl8LFXjhXj7iFXhmDxBmmuqIU2Zygfr934&dib_tag=se&keywords=laptop&qid=1762966295&sprefix=lap%2Caps%2C866&sr=8-219
112,"ZEBRONICS Jaguar V, Vertical Wireless Mouse, Dual Mode (2.4GHz + BT), Dual Bluetooth, Upto 1600 DPI, 6 Buttons, Power Saving Mode, Ergonomic Mouse, Runs on 2X AAA Battery, for Windows | Mac | Linux",649,https://amazon.in//ZEBRONICS-Vertical-Wireless-Bluetooth-Ergonomic/dp/B0F4N5S49Z/ref=sr_1_220?crid=BRIHOKR3DFIP&dib=eyJ2IjoiMSJ9.XlOG6zYzSoKDhC30mne1X-KOfS3XDMMhUd3LiEHx5TAcKG5tYClmVyummJ-oJRHUIyebFrTYJjEZ2xVCS7_bGrhTkBbSdCnDxPTYUcSpbsYajlq97e5_tf9XOdVh87PB1ULtdLEZz_qyONjbgAkQ9T2Dw5gy4zI-QKIcAszvpocszfII420JcNzoPqcxEqx2gipeDdNddbapsxYPFInZskkRlv0CbHLnQWB18mLRyps.CJMs_yCnizl8LFXjhXj7iFXhmDxBmmuqIU2Zygfr934&dib_tag=se&keywords=laptop&qid=1762966295&sprefix=lap%2Caps%2C866&sr=8-220
113,"6-Angle Adjustable Aluminum Ergonomic Foldable Portable Laptop/Desktop Stand | Tabletop Riser Holder Compatible with MacBook, HP, Dell, Lenovo & All Notebooks (Grey)",399,https://amazon.in//Adjustable-Ergonomic-Laptop-Stand-Compatible/dp/B0FYR9WSF2/ref=sr_1_221?crid=BRIHOKR3DFIP&dib=eyJ2IjoiMSJ9.XlOG6zYzSoKDhC30mne1X-KOfS3XDMMhUd3LiEHx5TAcKG5tYClmVyummJ-oJRHUIyebFrTYJjEZ2xVCS7_bGrhTkBbSdCnDxPTYUcSpbsYajlq97e5_tf9XOdVh87PB1ULtdLEZz_qyONjbgAkQ9T2Dw5gy4zI-QKIcAszvpocszfII420JcNzoPqcxEqx2gipeDdNddbapsxYPFInZskkRlv0CbHLnQWB18mLRyps.CJMs_yCnizl8LFXjhXj7iFXhmDxBmmuqIU2Zygfr934&dib_tag=se&keywords=laptop&qid=1762966295&sprefix=lap%2Caps%2C866&sr=8-221
114,HP Zbook 230W Slim Smart 4.5mm AC Adapter (R-41012327),"2,799",https://amazon.in//HP-Original-Travel-Adapter-65W-X7W50AA/dp/B079KD7L59/ref=sr_1_222?crid=BRIHOKR3DFIP&dib=eyJ2IjoiMSJ9.XlOG6zYzSoKDhC30mne1X-KOfS3XDMMhUd3LiEHx5TAcKG5tYClmVyummJ-oJRHUIyebFrTYJjEZ2xVCS7_bGrhTkBbSdCnDxPTYUcSpbsYajlq97e5_tf9XOdVh87PB1ULtdLEZz_qyONjbgAkQ9T2Dw5gy4zI-QKIcAszvpocszfII420JcNzoPqcxEqx2gipeDdNddbapsxYPFInZskkRlv0CbHLnQWB18mLRyps.CJMs_yCnizl8LFXjhXj7iFXhmDxBmmuqIU2Zygfr934&dib_tag=se&keywords=laptop&qid=1762966295&sprefix=lap%2Caps%2C866&sr=8-222
115,"HP 15, AMD Ryzen 3 7320U (8GB LPDDR5, 512GB SSD) FHD, Anti-Glare, Micro-Edge, 15.6""/39.6cm, Win 11, Office 21, Silver, 1.59kg, fc0154AU, AMD Radeon Graphics, 1080p FHD Camera Laptop","30,850",https://amazon.in//HP-Laptop-15-6-inch-Graphics-fc0154AU/dp/B0D3HG5CMG/ref=sr_1_38?crid=BRIHOKR3DFIP&dib=eyJ2IjoiMSJ9.dm2EKRPFVTFwwgt2Yc4K5qTISUAaktXG-ozC5OLatiSB2ptz36LhrDG8k8rlr-6vUnnJEYF7TImkFUujJPReysw1Qriz6iio915Gu55w4St7ywb49wwVylhcry3OkLGZwgVMYK2b2EGLqPmiXIpN9YMXJDS8snAms6p_vkHqo4TRBetWnCoeCJ2ZaK70UKZRafHeOk8yAI9Bthe3zMIMPrUsDd0VhJzMUMigSiC9GYQ.w8QMv9h6B0qC0xMScvS0PrEibdTyoSgeXnx_5sar3Yc&dib_tag=se&keywords=laptop&qid=1762966213&sprefix=lap%2Caps%2C866&sr=8-38
116,"FEDUS 1.8 Meter Long TPR (Thermoplastic Rubber) Laptop Power Cord, 2500 Watt 3 Pin IEC C5 Charger Adapter Cable Wire AC Lead for Asus/Dell/HP/Lenovo/ASUS/Acer/Samsung/Compaq & All Gaming laptops",289,https://amazon.in//FEDUS-Thermoplastic-Charger-Adapter-Samsung/dp/B0FHHZCB6B/ref=sr_1_223?crid=BRIHOKR3DFIP&dib=eyJ2IjoiMSJ9.XlOG6zYzSoKDhC30mne1X-KOfS3XDMMhUd3LiEHx5TAcKG5tYClmVyummJ-oJRHUIyebFrTYJjEZ2xVCS7_bGrhTkBbSdCnDxPTYUcSpbsYajlq97e5_tf9XOdVh87PB1ULtdLEZz_qyONjbgAkQ9T2Dw5gy4zI-QKIcAszvpocszfII420JcNzoPqcxEqx2gipeDdNddbapsxYPFInZskkRlv0CbHLnQWB18mLRyps.CJMs_yCnizl8LFXjhXj7iFXhmDxBmmuqIU2Zygfr934&dib_tag=se&keywords=laptop&qid=1762966295&sprefix=lap%2Caps%2C866&sr=8-223
117,HP USB 2.0 Flash Drive 128GB (v236w),929,https://amazon.in//HP-Flash-Drive-128GB-v236w/dp/B0C1H6S5X8/ref=sr_1_224?crid=BRIHOKR3DFIP&dib=eyJ2IjoiMSJ9.XlOG6zYzSoKDhC30mne1X-KOfS3XDMMhUd3LiEHx5TAcKG5tYClmVyummJ-oJRHUIyebFrTYJjEZ2xVCS7_bGrhTkBbSdCnDxPTYUcSpbsYajlq97e5_tf9XOdVh87PB1ULtdLEZz_qyONjbgAkQ9T2Dw5gy4zI-QKIcAszvpocszfII420JcNzoPqcxEqx2gipeDdNddbapsxYPFInZskkRlv0CbHLnQWB18mLRyps.CJMs_yCnizl8LFXjhXj7iFXhmDxBmmuqIU2Zygfr934&dib_tag=se&keywords=laptop&qid=1762966295&sprefix=lap%2Caps%2C866&sr=8-224
118,"Zebronics Zeb-Power Wired USB Mouse, 3-Button, 1200 DPI Optical Sensor, Plug & Play, for Windows/Mac",117,https://amazon.in//Zebronics-Zeb-Power-Wired-Mouse-Black/dp/B07L9FW9GF/ref=sr_1_225?crid=BRIHOKR3DFIP&dib=eyJ2IjoiMSJ9.DMd-BE4rR4uJwdMZb5GabowlcsBq8yMzOSObwJiZpbUEnIYPL2hj4dct6v7k9M_bl-5cYDvqEHT9Ugwhn06RWjsfqx3J1E3NruHq_zyIdurmwU5VxVOKETJr8VFVDURwcLggYMSJEhn9uzis0EYKrr_lVqxs1HgM6veHB3n4SjCfJD0hy5ubepYBZIjcXEg9vcvMI00Emk8JycmQplDAMonIdV0wozGXIoGIS6C089M.LlrBsTzOV_U0zUZ2D4oZexunVOBYKBdker8Vqnu_IVo&dib_tag=se&keywords=laptop&qid=1762966303&sprefix=lap%2Caps%2C866&sr=8-225
119,"Brand Conquer 7 in 1 Multi-Function Laptop Cleaning Brush/Keyboard Cleaning kit/Gadget Cleaning kit Gap Duster Key-Cap Puller for Laptop,Monitor,Keyboard and Earphones with Spray Bottle (Blue)",228.,https://amazon.in//Brand-Conquer-Multi-Function-Cleaning-Earphones/dp/B0CFFVW1YD/ref=sr_1_226?crid=BRIHOKR3DFIP&dib=eyJ2IjoiMSJ9.DMd-BE4rR4uJwdMZb5GabowlcsBq8yMzOSObwJiZpbUEnIYPL2hj4dct6v7k9M_bl-5cYDvqEHT9Ugwhn06RWjsfqx3J1E3NruHq_zyIdurmwU5VxVOKETJr8VFVDURwcLggYMSJEhn9uzis0EYKrr_lVqxs1HgM6veHB3n4SjCfJD0hy5ubepYBZIjcXEg9vcvMI00Emk8JycmQplDAMonIdV0wozGXIoGIS6C089M.LlrBsTzOV_U0zUZ2D4oZexunVOBYKBdker8Vqnu_IVo&dib_tag=se&keywords=laptop&qid=1762966303&sprefix=lap%2Caps%2C866&sr=8-226
120,"Eightiz (Pack of 1) 3-in-1 Screen Cleaning Kit with Soft Brush & Microfiber Cloth | 100ml Cleaner Spray for Laptop, PC, LED, LCD, Mobile, TV & Electronics,Glass,Outdoor (Blue)",136.,https://amazon.in//Eightiz-Cleaning-Microfiber-Cleaner-Electronics/dp/B0FLQ4LRQL/ref=sr_1_227?crid=BRIHOKR3DFIP&dib=eyJ2IjoiMSJ9.DMd-BE4rR4uJwdMZb5GabowlcsBq8yMzOSObwJiZpbUEnIYPL2hj4dct6v7k9M_bl-5cYDvqEHT9Ugwhn06RWjsfqx3J1E3NruHq_zyIdurmwU5VxVOKETJr8VFVDURwcLggYMSJEhn9uzis0EYKrr_lVqxs1HgM6veHB3n4SjCfJD0hy5ubepYBZIjcXEg9vcvMI00Emk8JycmQplDAMonIdV0wozGXIoGIS6C089M.LlrBsTzOV_U0zUZ2D4oZexunVOBYKBdker8Vqnu_IVo&dib_tag=se&keywords=laptop&qid=1762966303&sprefix=lap%2Caps%2C866&sr=8-227
121,HARISSONS Laptop & Mobile Travel Friendly Charger Pouch Organizer for Men & Women | Water Repellent & Weatherproof with Multiple Compartments (Red),229,https://amazon.in//HARISSONS-Electronics-Accessories-Compartments-Convenience/dp/B0CRDHRY47/ref=sr_1_228?crid=BRIHOKR3DFIP&dib=eyJ2IjoiMSJ9.DMd-BE4rR4uJwdMZb5GabowlcsBq8yMzOSObwJiZpbUEnIYPL2hj4dct6v7k9M_bl-5cYDvqEHT9Ugwhn06RWjsfqx3J1E3NruHq_zyIdurmwU5VxVOKETJr8VFVDURwcLggYMSJEhn9uzis0EYKrr_lVqxs1HgM6veHB3n4SjCfJD0hy5ubepYBZIjcXEg9vcvMI00Emk8JycmQplDAMonIdV0wozGXIoGIS6C089M.LlrBsTzOV_U0zUZ2D4oZexunVOBYKBdker8Vqnu_IVo&dib_tag=se&keywords=laptop&qid=1762966303&sprefix=lap%2Caps%2C866&sr=8-228
122,STRIFF Windows & Office Keyboard Shortcuts Desk Mat | Gaming Mouse Pad Extended Size (800mm x 300mm x 2mm) Stitched Edges| Non-Slip Rubber Base|Computer Laptop|Keyboard Mouse Pad (Keyboard Shortcuts),229,https://amazon.in//STRIFF-Keyboard-Shortcuts-Extended-Stitched/dp/B0CXDF3XT3/ref=sr_1_229?crid=BRIHOKR3DFIP&dib=eyJ2IjoiMSJ9.DMd-BE4rR4uJwdMZb5GabowlcsBq8yMzOSObwJiZpbUEnIYPL2hj4dct6v7k9M_bl-5cYDvqEHT9Ugwhn06RWjsfqx3J1E3NruHq_zyIdurmwU5VxVOKETJr8VFVDURwcLggYMSJEhn9uzis0EYKrr_lVqxs1HgM6veHB3n4SjCfJD0hy5ubepYBZIjcXEg9vcvMI00Emk8JycmQplDAMonIdV0wozGXIoGIS6C089M.LlrBsTzOV_U0zUZ2D4oZexunVOBYKBdker8Vqnu_IVo&dib_tag=se&keywords=laptop&qid=1762966303&sprefix=lap%2Caps%2C866&sr=8-229
123,"Adjustable Computer Stand with 360 Rotating Base, Ergonimic Foldable Laptop Riser for Desk Compatible with MacBook Pro/Air Notebook up to 16 Inches, Silver","2,668",https://amazon.in//AOEVI-Adjustable-Computer-Ergonimic-Compatible/dp/B0B1LH9RDT/ref=sr_1_230?crid=BRIHOKR3DFIP&dib=eyJ2IjoiMSJ9.DMd-BE4rR4uJwdMZb5GabowlcsBq8yMzOSObwJiZpbUEnIYPL2hj4dct6v7k9M_bl-5cYDvqEHT9Ugwhn06RWjsfqx3J1E3NruHq_zyIdurmwU5VxVOKETJr8VFVDURwcLggYMSJEhn9uzis0EYKrr_lVqxs1HgM6veHB3n4SjCfJD0hy5ubepYBZIjcXEg9vcvMI00Emk8JycmQplDAMonIdV0wozGXIoGIS6C089M.LlrBsTzOV_U0zUZ2D4oZexunVOBYKBdker8Vqnu_IVo&dib_tag=se&keywords=laptop&qid=1762966303&sprefix=lap%2Caps%2C866&sr=8-230
124,"KACA Webcam Cover, Privacy Protector Webcam Cover Slide, Compatible with Laptop, Desktop, PC, Smartphone, Protect Your Privacy and Security, Strong Adhesive, Set of 3",69,https://amazon.in//KACA-Protector-Compatible-Smartphone-Security/dp/B0C7C9JTV7/ref=sr_1_231?crid=BRIHOKR3DFIP&dib=eyJ2IjoiMSJ9.DMd-BE4rR4uJwdMZb5GabowlcsBq8yMzOSObwJiZpbUEnIYPL2hj4dct6v7k9M_bl-5cYDvqEHT9Ugwhn06RWjsfqx3J1E3NruHq_zyIdurmwU5VxVOKETJr8VFVDURwcLggYMSJEhn9uzis0EYKrr_lVqxs1HgM6veHB3n4SjCfJD0hy5ubepYBZIjcXEg9vcvMI00Emk8JycmQplDAMonIdV0wozGXIoGIS6C089M.LlrBsTzOV_U0zUZ2D4oZexunVOBYKBdker8Vqnu_IVo&dib_tag=se&keywords=laptop&qid=1762966303&sprefix=lap%2Caps%2C866&sr=8-231
125,"Portronics Bit Box 2, 128-in-1 Screwdriver Kit with Phillips, Flathead, Torx, Pentalobe, Wrench Bits, Flexible Shaft, Tweezer, Spudger & Magnetic Handle for Laptop, Mobile, Car & Electronics Repair","1,699",https://amazon.in//Portronics-Screwdriver-Phillips-Pentalobe-Electronics/dp/B0FF53TF3J/ref=sr_1_232?crid=BRIHOKR3DFIP&dib=eyJ2IjoiMSJ9.DMd-BE4rR4uJwdMZb5GabowlcsBq8yMzOSObwJiZpbUEnIYPL2hj4dct6v7k9M_bl-5cYDvqEHT9Ugwhn06RWjsfqx3J1E3NruHq_zyIdurmwU5VxVOKETJr8VFVDURwcLggYMSJEhn9uzis0EYKrr_lVqxs1HgM6veHB3n4SjCfJD0hy5ubepYBZIjcXEg9vcvMI00Emk8JycmQplDAMonIdV0wozGXIoGIS6C089M.LlrBsTzOV_U0zUZ2D4oZexunVOBYKBdker8Vqnu_IVo&dib_tag=se&keywords=laptop&qid=1762966303&sprefix=lap%2Caps%2C866&sr=8-232
126,"Dell 15, AMD Ryzen 5-7530U Processor, 16GB RAM, 512GB SSD, FHD IPS 15.6""/39.62 cm 120Hz Display, Windows 11, MSO'24, Platinum Silver, 1.67kg, Standard Keyboard, 15 Month McAfee, Thin & Light Laptop","43,990",https://amazon.in//Dell-Inspiron-5-7530U-Windows-Platinum/dp/B0DSFRQTGB/ref=sr_1_39?crid=BRIHOKR3DFIP&dib=eyJ2IjoiMSJ9.dm2EKRPFVTFwwgt2Yc4K5qTISUAaktXG-ozC5OLatiSB2ptz36LhrDG8k8rlr-6vUnnJEYF7TImkFUujJPReysw1Qriz6iio915Gu55w4St7ywb49wwVylhcry3OkLGZwgVMYK2b2EGLqPmiXIpN9YMXJDS8snAms6p_vkHqo4TRBetWnCoeCJ2ZaK70UKZRafHeOk8yAI9Bthe3zMIMPrUsDd0VhJzMUMigSiC9GYQ.w8QMv9h6B0qC0xMScvS0PrEibdTyoSgeXnx_5sar3Yc&dib_tag=se&keywords=laptop&qid=1762966213&sprefix=lap%2Caps%2C866&sr=8-39
127,"ZEBRONICS 180HB USB HUB, 3 Ports, USB 3.0, Transfer Speeds Upto 5 Gbps, Lightweight Design, Multi OS Compatible, Plug and Play",169,https://amazon.in//ZEBRONICS-Transfer-Speeds-Lightweight-Compatible/dp/B0D5HMBH39/ref=sr_1_233?crid=BRIHOKR3DFIP&dib=eyJ2IjoiMSJ9.DMd-BE4rR4uJwdMZb5GabowlcsBq8yMzOSObwJiZpbUEnIYPL2hj4dct6v7k9M_bl-5cYDvqEHT9Ugwhn06RWjsfqx3J1E3NruHq_zyIdurmwU5VxVOKETJr8VFVDURwcLggYMSJEhn9uzis0EYKrr_lVqxs1HgM6veHB3n4SjCfJD0hy5ubepYBZIjcXEg9vcvMI00Emk8JycmQplDAMonIdV0wozGXIoGIS6C089M.LlrBsTzOV_U0zUZ2D4oZexunVOBYKBdker8Vqnu_IVo&dib_tag=se&keywords=laptop&qid=1762966303&sprefix=lap%2Caps%2C866&sr=8-233
128,"Gizga Essentials Professional 6-IN-1 Cleaning Kit for Cameras & Sensitive Electronics (Includes: Air Blower, Cotton Swabs, SUEDE + PLUSH Micro-Fiber Cloth, Antistatic Cleaning Brush, Antibacterial Cleaning Solution)",329,https://amazon.in//essentials-Cleaning-Microfiber-Keyboard-Smartphone/dp/B01IBVCUNO/ref=sr_1_234?crid=BRIHOKR3DFIP&dib=eyJ2IjoiMSJ9.DMd-BE4rR4uJwdMZb5GabowlcsBq8yMzOSObwJiZpbUEnIYPL2hj4dct6v7k9M_bl-5cYDvqEHT9Ugwhn06RWjsfqx3J1E3NruHq_zyIdurmwU5VxVOKETJr8VFVDURwcLggYMSJEhn9uzis0EYKrr_lVqxs1HgM6veHB3n4SjCfJD0hy5ubepYBZIjcXEg9vcvMI00Emk8JycmQplDAMonIdV0wozGXIoGIS6C089M.LlrBsTzOV_U0zUZ2D4oZexunVOBYKBdker8Vqnu_IVo&dib_tag=se&keywords=laptop&qid=1762966303&sprefix=lap%2Caps%2C866&sr=8-234
129,"HP H120 Stereo USB Headset, Plug-and-Play USB-A, Built-in Noise-Canceling Mic, Adjustable Head Strap, Padded On Ear Cushions, 360-Degree Bendable Mic, 1-Year Limited Warranty, Black, 9Z4V9AA","1,465",https://amazon.in//HP-H120-Noise-Canceling-Adjustable-360-Degree/dp/B0D73SQRM1/ref=sr_1_235?crid=BRIHOKR3DFIP&dib=eyJ2IjoiMSJ9.DMd-BE4rR4uJwdMZb5GabowlcsBq8yMzOSObwJiZpbUEnIYPL2hj4dct6v7k9M_bl-5cYDvqEHT9Ugwhn06RWjsfqx3J1E3NruHq_zyIdurmwU5VxVOKETJr8VFVDURwcLggYMSJEhn9uzis0EYKrr_lVqxs1HgM6veHB3n4SjCfJD0hy5ubepYBZIjcXEg9vcvMI00Emk8JycmQplDAMonIdV0wozGXIoGIS6C089M.LlrBsTzOV_U0zUZ2D4oZexunVOBYKBdker8Vqnu_IVo&dib_tag=se&keywords=laptop&qid=1762966303&sprefix=lap%2Caps%2C866&sr=8-235
130,"Len-OVO 65W Orignal Adapter Charger for Lenovo PA-1650-74 PN: GX21J75537 65W Round Tip/Pin AC (with Power Cable), Black","2,089",https://amazon.in//Len-OVO-Orignal-Adapter-Charger-PA-1650-74/dp/B0FV8VF21L/ref=sr_1_236?crid=BRIHOKR3DFIP&dib=eyJ2IjoiMSJ9.DMd-BE4rR4uJwdMZb5GabowlcsBq8yMzOSObwJiZpbUEnIYPL2hj4dct6v7k9M_bl-5cYDvqEHT9Ugwhn06RWjsfqx3J1E3NruHq_zyIdurmwU5VxVOKETJr8VFVDURwcLggYMSJEhn9uzis0EYKrr_lVqxs1HgM6veHB3n4SjCfJD0hy5ubepYBZIjcXEg9vcvMI00Emk8JycmQplDAMonIdV0wozGXIoGIS6C089M.LlrBsTzOV_U0zUZ2D4oZexunVOBYKBdker8Vqnu_IVo&dib_tag=se&keywords=laptop&qid=1762966303&sprefix=lap%2Caps%2C866&sr=8-236
131,"TARKAN 2 in 1 Portable & Foldable Aluminium Laptop Stand + Mobile Stand with Adjustable Height & Angle for Laptops, MacBook, Phones (Silver)",399,https://amazon.in//TARKAN-Aluminium-Mobile-Adjustable-Silver/dp/B0D84317NH/ref=sr_1_237?crid=BRIHOKR3DFIP&dib=eyJ2IjoiMSJ9.DMd-BE4rR4uJwdMZb5GabowlcsBq8yMzOSObwJiZpbUEnIYPL2hj4dct6v7k9M_bl-5cYDvqEHT9Ugwhn06RWjsfqx3J1E3NruHq_zyIdurmwU5VxVOKETJr8VFVDURwcLggYMSJEhn9uzis0EYKrr_lVqxs1HgM6veHB3n4SjCfJD0hy5ubepYBZIjcXEg9vcvMI00Emk8JycmQplDAMonIdV0wozGXIoGIS6C089M.LlrBsTzOV_U0zUZ2D4oZexunVOBYKBdker8Vqnu_IVo&dib_tag=se&keywords=laptop&qid=1762966303&sprefix=lap%2Caps%2C866&sr=8-237
132,"ZORBESÂ® SSD Pouch for Laptop, 3M Adhesive Pendrive Holder Case & Hard Disk Cover Organizer, Double Layer Stretchy Lycra Pockets (13x8.4cm)",950,https://amazon.in//Adhesive-Pendrive-Organizer-Stretchy-13x8-4cm/dp/B0F8BNJSWW/ref=sr_1_238?crid=BRIHOKR3DFIP&dib=eyJ2IjoiMSJ9.DMd-BE4rR4uJwdMZb5GabowlcsBq8yMzOSObwJiZpbUEnIYPL2hj4dct6v7k9M_bl-5cYDvqEHT9Ugwhn06RWjsfqx3J1E3NruHq_zyIdurmwU5VxVOKETJr8VFVDURwcLggYMSJEhn9uzis0EYKrr_lVqxs1HgM6veHB3n4SjCfJD0hy5ubepYBZIjcXEg9vcvMI00Emk8JycmQplDAMonIdV0wozGXIoGIS6C089M.LlrBsTzOV_U0zUZ2D4oZexunVOBYKBdker8Vqnu_IVo&dib_tag=se&keywords=laptop&qid=1762966303&sprefix=lap%2Caps%2C866&sr=8-238
133,"Maxelon Power Cable & Dell Laptop Adapter Charger 65w 19.5V 3.34A (New Pin 4.5 * 3.0mm) MGJN9 for Inspiron 11 3147, 3148, 3152, i3152, 3153, 3157, 3158, 316- Black","1,424",https://amazon.in//Genuine-Original-Adapter-Charger-Inspiron/dp/B0CRBCQN3Y/ref=sr_1_239?crid=BRIHOKR3DFIP&dib=eyJ2IjoiMSJ9.DMd-BE4rR4uJwdMZb5GabowlcsBq8yMzOSObwJiZpbUEnIYPL2hj4dct6v7k9M_bl-5cYDvqEHT9Ugwhn06RWjsfqx3J1E3NruHq_zyIdurmwU5VxVOKETJr8VFVDURwcLggYMSJEhn9uzis0EYKrr_lVqxs1HgM6veHB3n4SjCfJD0hy5ubepYBZIjcXEg9vcvMI00Emk8JycmQplDAMonIdV0wozGXIoGIS6C089M.LlrBsTzOV_U0zUZ2D4oZexunVOBYKBdker8Vqnu_IVo&dib_tag=se&keywords=laptop&qid=1762966303&sprefix=lap%2Caps%2C866&sr=8-239
134,"eMeet 1080P Webcam-USB Webcam With Microphone & Physical Privacy Cover,Noise-Canceling Mic,Auto Light Correction,C950 Ultra Compact FHD Web Cam W/ 70Â°View For Meeting/Online Classes/Zoom/Youtube,Black","1,890",https://amazon.in//eMeet-1080P-Webcam-Microphone-Noise-Canceling/dp/B0CP6BTQKR/ref=sr_1_240?crid=BRIHOKR3DFIP&dib=eyJ2IjoiMSJ9.DMd-BE4rR4uJwdMZb5GabowlcsBq8yMzOSObwJiZpbUEnIYPL2hj4dct6v7k9M_bl-5cYDvqEHT9Ugwhn06RWjsfqx3J1E3NruHq_zyIdurmwU5VxVOKETJr8VFVDURwcLggYMSJEhn9uzis0EYKrr_lVqxs1HgM6veHB3n4SjCfJD0hy5ubepYBZIjcXEg9vcvMI00Emk8JycmQplDAMonIdV0wozGXIoGIS6C089M.LlrBsTzOV_U0zUZ2D4oZexunVOBYKBdker8Vqnu_IVo&dib_tag=se&keywords=laptop&qid=1762966303&sprefix=lap%2Caps%2C866&sr=8-240
135,"Maxelon Power Cable & Dell Laptop Adapter Charger 65w 19.5V 3.34A (New Pin 4.5 * 3.0mm) MGJN9 for Inspiron 11 3147, 3148, 3152, i3152, 3153, 3157, 3158, 316- Black","1,424",https://amazon.in//Genuine-Original-Adapter-Charger-Inspiron/dp/B0CRBCQN3Y/ref=sr_1_241?crid=BRIHOKR3DFIP&dib=eyJ2IjoiMSJ9.0bGSNjTTiI9kPtjtfZJz3W7T447HgNSXnivb_ur0gUr9s6Ab7xEFrmrcgDsyetyvFcJxE2PHouZl7Hi57WHEPVRU0rTfCuqSecblthC4bNyZkp2VIfAXB7LIBwHOPtTtgs87KdMUsDKQXVS7MwlB64Wh63kFE_zeDpRRxSR5n83vOQxWc6vWN8T5Pab-00bzMJC6bqvA2mTMdSDk1znVPbLsTZs-VozhqnTah36Qb4k.H6tvuhljDrhEsaJraO5jJKcoHeZ0knNi77ASjHGdPgg&dib_tag=se&keywords=laptop&qid=1762966310&sprefix=lap%2Caps%2C866&sr=8-241
136,Boldfit Rain Cover for Backpack Travel Essentials Rain Cover for Bag Backpack Rain Cover Travel Accessories Bag Rain Cover Waterproof Dustproof for All Bag Sizes Upto 45Ltrs Rain Cover Bag Black,187,https://amazon.in//Boldfit-Essentials-Accessories-Waterproof-Dustproof/dp/B0D1CNN4MG/ref=sr_1_242?crid=BRIHOKR3DFIP&dib=eyJ2IjoiMSJ9.0bGSNjTTiI9kPtjtfZJz3W7T447HgNSXnivb_ur0gUr9s6Ab7xEFrmrcgDsyetyvFcJxE2PHouZl7Hi57WHEPVRU0rTfCuqSecblthC4bNyZkp2VIfAXB7LIBwHOPtTtgs87KdMUsDKQXVS7MwlB64Wh63kFE_zeDpRRxSR5n83vOQxWc6vWN8T5Pab-00bzMJC6bqvA2mTMdSDk1znVPbLsTZs-VozhqnTah36Qb4k.H6tvuhljDrhEsaJraO5jJKcoHeZ0knNi77ASjHGdPgg&dib_tag=se&keywords=laptop&qid=1762966310&sprefix=lap%2Caps%2C866&sr=8-242
137,"Apple 2025 MacBook Air (13-inch, Apple M4 chip with 10-core CPU and 8-core GPU, 16GB Unified Memory, 256GB) - Midnight","93,900",https://amazon.in//Apple-MacBook-13-inch-10-core-Unified/dp/B0DZDDV7GC/ref=sr_1_40?crid=BRIHOKR3DFIP&dib=eyJ2IjoiMSJ9.dm2EKRPFVTFwwgt2Yc4K5qTISUAaktXG-ozC5OLatiSB2ptz36LhrDG8k8rlr-6vUnnJEYF7TImkFUujJPReysw1Qriz6iio915Gu55w4St7ywb49wwVylhcry3OkLGZwgVMYK2b2EGLqPmiXIpN9YMXJDS8snAms6p_vkHqo4TRBetWnCoeCJ2ZaK70UKZRafHeOk8yAI9Bthe3zMIMPrUsDd0VhJzMUMigSiC9GYQ.w8QMv9h6B0qC0xMScvS0PrEibdTyoSgeXnx_5sar3Yc&dib_tag=se&keywords=laptop&qid=1762966213&sprefix=lap%2Caps%2C866&sr=8-40
138,Logitech C270 HD Web Camera,"1,995",https://amazon.in//Logitech-C270-HD-Web-Camera/dp/B008QS9J6Y/ref=sr_1_243?crid=BRIHOKR3DFIP&dib=eyJ2IjoiMSJ9.0bGSNjTTiI9kPtjtfZJz3W7T447HgNSXnivb_ur0gUr9s6Ab7xEFrmrcgDsyetyvFcJxE2PHouZl7Hi57WHEPVRU0rTfCuqSecblthC4bNyZkp2VIfAXB7LIBwHOPtTtgs87KdMUsDKQXVS7MwlB64Wh63kFE_zeDpRRxSR5n83vOQxWc6vWN8T5Pab-00bzMJC6bqvA2mTMdSDk1znVPbLsTZs-VozhqnTah36Qb4k.H6tvuhljDrhEsaJraO5jJKcoHeZ0knNi77ASjHGdPgg&dib_tag=se&keywords=laptop&qid=1762966310&sprefix=lap%2Caps%2C866&sr=8-243
139,"ZEBRONICS ZEB-USB150WF1 WiFi USB Mini Adapter Supports 150 Mbps Wireless Data, Comes with Advanced Security WPA/WPA2 encryption Standards",249,https://amazon.in//ZEBRONICS-ZEB-USB150WF1-Supports-encryption-Standards/dp/B093QCY6YJ/ref=sr_1_244?crid=BRIHOKR3DFIP&dib=eyJ2IjoiMSJ9.0bGSNjTTiI9kPtjtfZJz3W7T447HgNSXnivb_ur0gUr9s6Ab7xEFrmrcgDsyetyvFcJxE2PHouZl7Hi57WHEPVRU0rTfCuqSecblthC4bNyZkp2VIfAXB7LIBwHOPtTtgs87KdMUsDKQXVS7MwlB64Wh63kFE_zeDpRRxSR5n83vOQxWc6vWN8T5Pab-00bzMJC6bqvA2mTMdSDk1znVPbLsTZs-VozhqnTah36Qb4k.H6tvuhljDrhEsaJraO5jJKcoHeZ0knNi77ASjHGdPgg&dib_tag=se&keywords=laptop&qid=1762966310&sprefix=lap%2Caps%2C866&sr=8-244
140,"CD DVD Drive, External (2024 Innovation Model) External DVD Drive, High Speed Processing, 8XDVD & 24XCD Optical Drive External Read/Write, Bus-Powered, USB 2.0/3.0 & Type-C Connection, External CD",879,https://amazon.in//External-Innovation-Processing-Bus-Powered-Connection/dp/B0CZ6Y6TVH/ref=sr_1_245?crid=BRIHOKR3DFIP&dib=eyJ2IjoiMSJ9.0bGSNjTTiI9kPtjtfZJz3W7T447HgNSXnivb_ur0gUr9s6Ab7xEFrmrcgDsyetyvFcJxE2PHouZl7Hi57WHEPVRU0rTfCuqSecblthC4bNyZkp2VIfAXB7LIBwHOPtTtgs87KdMUsDKQXVS7MwlB64Wh63kFE_zeDpRRxSR5n83vOQxWc6vWN8T5Pab-00bzMJC6bqvA2mTMdSDk1znVPbLsTZs-VozhqnTah36Qb4k.H6tvuhljDrhEsaJraO5jJKcoHeZ0knNi77ASjHGdPgg&dib_tag=se&keywords=laptop&qid=1762966310&sprefix=lap%2Caps%2C866&sr=8-245
141,"ZEBRONICS UTS100 USB 3.0 to SATA Adapter for 2.5 HDD/SSD with Plug & Play, Durable Material, Super Fast Transfer, Upto 5 Gbps, Black",299,https://amazon.in//ZEBRONICS-Adapter-Durable-Material-Transfer/dp/B0CQPDWP6R/ref=sr_1_246?crid=BRIHOKR3DFIP&dib=eyJ2IjoiMSJ9.0bGSNjTTiI9kPtjtfZJz3W7T447HgNSXnivb_ur0gUr9s6Ab7xEFrmrcgDsyetyvFcJxE2PHouZl7Hi57WHEPVRU0rTfCuqSecblthC4bNyZkp2VIfAXB7LIBwHOPtTtgs87KdMUsDKQXVS7MwlB64Wh63kFE_zeDpRRxSR5n83vOQxWc6vWN8T5Pab-00bzMJC6bqvA2mTMdSDk1znVPbLsTZs-VozhqnTah36Qb4k.H6tvuhljDrhEsaJraO5jJKcoHeZ0knNi77ASjHGdPgg&dib_tag=se&keywords=laptop&qid=1762966310&sprefix=lap%2Caps%2C866&sr=8-246
142,"Cablet 2.5 Inch SATA USB 3.0 HDD/SSD Portable External Enclosure for 7mm and 9.5mm, Tool-Free Design, Supports UASP Max 6TB",299,https://amazon.in//Cablet-Portable-External-Enclosure-Tool-Free/dp/B0BG62HMDJ/ref=sr_1_247?crid=BRIHOKR3DFIP&dib=eyJ2IjoiMSJ9.0bGSNjTTiI9kPtjtfZJz3W7T447HgNSXnivb_ur0gUr9s6Ab7xEFrmrcgDsyetyvFcJxE2PHouZl7Hi57WHEPVRU0rTfCuqSecblthC4bNyZkp2VIfAXB7LIBwHOPtTtgs87KdMUsDKQXVS7MwlB64Wh63kFE_zeDpRRxSR5n83vOQxWc6vWN8T5Pab-00bzMJC6bqvA2mTMdSDk1znVPbLsTZs-VozhqnTah36Qb4k.H6tvuhljDrhEsaJraO5jJKcoHeZ0knNi77ASjHGdPgg&dib_tag=se&keywords=laptop&qid=1762966310&sprefix=lap%2Caps%2C866&sr=8-247
143,Lapster Microfiber PU Leather Sleeve Bag Pouch for MacBook pro Charger and Wireless Mouse Storage Laptop Adapter USB Cable Multi Bag for MacBook air Charger -Black,249,https://amazon.in//Lapster-Microfiber-Leather-MacBook-Wireless/dp/B09X351661/ref=sr_1_248?crid=BRIHOKR3DFIP&dib=eyJ2IjoiMSJ9.0bGSNjTTiI9kPtjtfZJz3W7T447HgNSXnivb_ur0gUr9s6Ab7xEFrmrcgDsyetyvFcJxE2PHouZl7Hi57WHEPVRU0rTfCuqSecblthC4bNyZkp2VIfAXB7LIBwHOPtTtgs87KdMUsDKQXVS7MwlB64Wh63kFE_zeDpRRxSR5n83vOQxWc6vWN8T5Pab-00bzMJC6bqvA2mTMdSDk1znVPbLsTZs-VozhqnTah36Qb4k.H6tvuhljDrhEsaJraO5jJKcoHeZ0knNi77ASjHGdPgg&dib_tag=se&keywords=laptop&qid=1762966310&sprefix=lap%2Caps%2C866&sr=8-248
144,"MVP-Edition 360Â° Rotatable Aluminium Laptop Stand | Ergonomic, Foldable & Adjustable | Compatible with All Laptop Sizes & Brands (MacBook, HP, Dell, Lenovo)","2,149",https://amazon.in//MegaStro-Laptop-Stand-15kg-Bearing/dp/B0CKNSDF2H/ref=sr_1_249?crid=BRIHOKR3DFIP&dib=eyJ2IjoiMSJ9.0bGSNjTTiI9kPtjtfZJz3W7T447HgNSXnivb_ur0gUr9s6Ab7xEFrmrcgDsyetyvFcJxE2PHouZl7Hi57WHEPVRU0rTfCuqSecblthC4bNyZkp2VIfAXB7LIBwHOPtTtgs87KdMUsDKQXVS7MwlB64Wh63kFE_zeDpRRxSR5n83vOQxWc6vWN8T5Pab-00bzMJC6bqvA2mTMdSDk1znVPbLsTZs-VozhqnTah36Qb4k.H6tvuhljDrhEsaJraO5jJKcoHeZ0knNi77ASjHGdPgg&dib_tag=se&keywords=laptop&qid=1762966310&sprefix=lap%2Caps%2C866&sr=8-249
145,"Maxelon Hp Usb-C 65W Usb Type C Travel Power Adapter For Tablets, Laptops (Black)","2,599",https://amazon.in//USB-C-Travel-Adapter-Tablets-Laptops/dp/B0CM9HVN5J/ref=sr_1_250?crid=BRIHOKR3DFIP&dib=eyJ2IjoiMSJ9.0bGSNjTTiI9kPtjtfZJz3W7T447HgNSXnivb_ur0gUr9s6Ab7xEFrmrcgDsyetyvFcJxE2PHouZl7Hi57WHEPVRU0rTfCuqSecblthC4bNyZkp2VIfAXB7LIBwHOPtTtgs87KdMUsDKQXVS7MwlB64Wh63kFE_zeDpRRxSR5n83vOQxWc6vWN8T5Pab-00bzMJC6bqvA2mTMdSDk1znVPbLsTZs-VozhqnTah36Qb4k.H6tvuhljDrhEsaJraO5jJKcoHeZ0knNi77ASjHGdPgg&dib_tag=se&keywords=laptop&qid=1762966310&sprefix=lap%2Caps%2C866&sr=8-250
146,M CartÂ® Cover for Samsung Galaxy Tab A9 Plus Cover Case 11 inch Flip Cover Case for Samsung Tab A9 Plus Cover/Tab A9+ Tablet (Black),369,https://amazon.in//Cart-Cover-Samsung-Plus-inch/dp/B0CNRPGLS3/ref=sr_1_251?crid=BRIHOKR3DFIP&dib=eyJ2IjoiMSJ9.0bGSNjTTiI9kPtjtfZJz3W7T447HgNSXnivb_ur0gUr9s6Ab7xEFrmrcgDsyetyvFcJxE2PHouZl7Hi57WHEPVRU0rTfCuqSecblthC4bNyZkp2VIfAXB7LIBwHOPtTtgs87KdMUsDKQXVS7MwlB64Wh63kFE_zeDpRRxSR5n83vOQxWc6vWN8T5Pab-00bzMJC6bqvA2mTMdSDk1znVPbLsTZs-VozhqnTah36Qb4k.H6tvuhljDrhEsaJraO5jJKcoHeZ0knNi77ASjHGdPgg&dib_tag=se&keywords=laptop&qid=1762966310&sprefix=lap%2Caps%2C866&sr=8-251
147,Amazon Brand - Solimo Rain & Dust Cover for Backpack (Black),219,https://amazon.in//Amazon-Brand-Solimo-Backpack-litres/dp/B07FQMN9VN/ref=sr_1_252?crid=BRIHOKR3DFIP&dib=eyJ2IjoiMSJ9.0bGSNjTTiI9kPtjtfZJz3W7T447HgNSXnivb_ur0gUr9s6Ab7xEFrmrcgDsyetyvFcJxE2PHouZl7Hi57WHEPVRU0rTfCuqSecblthC4bNyZkp2VIfAXB7LIBwHOPtTtgs87KdMUsDKQXVS7MwlB64Wh63kFE_zeDpRRxSR5n83vOQxWc6vWN8T5Pab-00bzMJC6bqvA2mTMdSDk1znVPbLsTZs-VozhqnTah36Qb4k.H6tvuhljDrhEsaJraO5jJKcoHeZ0knNi77ASjHGdPgg&dib_tag=se&keywords=laptop&qid=1762966310&sprefix=lap%2Caps%2C866&sr=8-252
148,"HP 15, 13th Gen Intel Core i5-1334U, (16GB DDR4,512GB SSD) Anti-Glare, Micro-Edge, FHD, 15.6''/39.6cm, Win11, M365 Basic(1yr)* Office24, Silver, 1.59kg, fd0577TU, Iris Xe, FHD Camera w/Shutter Laptop","52,490",https://amazon.in//HP-i5-1334U-Anti-Glare-Micro-Edge-fd0577TU/dp/B0F4R6H3NB/ref=sr_1_41?crid=BRIHOKR3DFIP&dib=eyJ2IjoiMSJ9.dm2EKRPFVTFwwgt2Yc4K5qTISUAaktXG-ozC5OLatiSB2ptz36LhrDG8k8rlr-6vUnnJEYF7TImkFUujJPReysw1Qriz6iio915Gu55w4St7ywb49wwVylhcry3OkLGZwgVMYK2b2EGLqPmiXIpN9YMXJDS8snAms6p_vkHqo4TRBetWnCoeCJ2ZaK70UKZRafHeOk8yAI9Bthe3zMIMPrUsDd0VhJzMUMigSiC9GYQ.w8QMv9h6B0qC0xMScvS0PrEibdTyoSgeXnx_5sar3Yc&dib_tag=se&keywords=laptop&qid=1762966213&sprefix=lap%2Caps%2C866&sr=8-41
149,"Portronics Toad 23 Wireless Optical Mouse with 2.4GHz, USB Nano Dongle, Optical Orientation, Click Wheel, Adjustable DPI(Black)",299,https://amazon.in//Portronics-Wireless-Optical-Orientation-Adjustable/dp/B0B296NTFV/ref=sr_1_253?crid=BRIHOKR3DFIP&dib=eyJ2IjoiMSJ9.0bGSNjTTiI9kPtjtfZJz3W7T447HgNSXnivb_ur0gUr9s6Ab7xEFrmrcgDsyetyvFcJxE2PHouZl7Hi57WHEPVRU0rTfCuqSecblthC4bNyZkp2VIfAXB7LIBwHOPtTtgs87KdMUsDKQXVS7MwlB64Wh63kFE_zeDpRRxSR5n83vOQxWc6vWN8T5Pab-00bzMJC6bqvA2mTMdSDk1znVPbLsTZs-VozhqnTah36Qb4k.H6tvuhljDrhEsaJraO5jJKcoHeZ0knNi77ASjHGdPgg&dib_tag=se&keywords=laptop&qid=1762966310&sprefix=lap%2Caps%2C866&sr=8-253
150,"ZORBESÂ® Portable Invisible Laptop Riser Stand, 2 Mini Self-Adhesive Alloy Metal Folding Desk Stand, Lightweight Laptop Desk Feet for MacBook, Lenovo, HP, Dell, Laptops & Tablets, 2pc (Black)",377,https://amazon.in//ZORBES%C2%AE-Portable-Invisible-Self-Adhesive-Lightweight/dp/B0DXSSBM8F/ref=sr_1_254?crid=BRIHOKR3DFIP&dib=eyJ2IjoiMSJ9.0bGSNjTTiI9kPtjtfZJz3W7T447HgNSXnivb_ur0gUr9s6Ab7xEFrmrcgDsyetyvFcJxE2PHouZl7Hi57WHEPVRU0rTfCuqSecblthC4bNyZkp2VIfAXB7LIBwHOPtTtgs87KdMUsDKQXVS7MwlB64Wh63kFE_zeDpRRxSR5n83vOQxWc6vWN8T5Pab-00bzMJC6bqvA2mTMdSDk1znVPbLsTZs-VozhqnTah36Qb4k.H6tvuhljDrhEsaJraO5jJKcoHeZ0knNi77ASjHGdPgg&dib_tag=se&keywords=laptop&qid=1762966310&sprefix=lap%2Caps%2C866&sr=8-254
151,Design B12 Full Body Vinyl Laptop Skin/Sticker/Cover Upto 15.6 Inches Laptops Laminated-Removable-HD Quality Compatible for Hp-Dell-Sony-Lenovo-Asus etc.(15x10 Inches),279,https://amazon.in//Galaxsia-Sticker-Laminated-Removable-HD-Compatible-Hp-Dell-Sony-Lenovo-Asus/dp/B0F3JMMY34/ref=sr_1_255?crid=BRIHOKR3DFIP&dib=eyJ2IjoiMSJ9.0bGSNjTTiI9kPtjtfZJz3W7T447HgNSXnivb_ur0gUr9s6Ab7xEFrmrcgDsyetyvFcJxE2PHouZl7Hi57WHEPVRU0rTfCuqSecblthC4bNyZkp2VIfAXB7LIBwHOPtTtgs87KdMUsDKQXVS7MwlB64Wh63kFE_zeDpRRxSR5n83vOQxWc6vWN8T5Pab-00bzMJC6bqvA2mTMdSDk1znVPbLsTZs-VozhqnTah36Qb4k.H6tvuhljDrhEsaJraO5jJKcoHeZ0knNi77ASjHGdPgg&dib_tag=se&keywords=laptop&qid=1762966310&sprefix=lap%2Caps%2C866&sr=8-255
152,"Full Laptop Skin Stickers HD Quality Sticker for Laptops Upto 15.6"" (Dustproof|Waterproof|Scratchproof|Reusable) - BE Lion BK FL",248,https://amazon.in//BAEYE-Stickers-Dustproof-Waterproof-Scratchproof/dp/B0CSLNGFGS/ref=sr_1_256?crid=BRIHOKR3DFIP&dib=eyJ2IjoiMSJ9.0bGSNjTTiI9kPtjtfZJz3W7T447HgNSXnivb_ur0gUr9s6Ab7xEFrmrcgDsyetyvFcJxE2PHouZl7Hi57WHEPVRU0rTfCuqSecblthC4bNyZkp2VIfAXB7LIBwHOPtTtgs87KdMUsDKQXVS7MwlB64Wh63kFE_zeDpRRxSR5n83vOQxWc6vWN8T5Pab-00bzMJC6bqvA2mTMdSDk1znVPbLsTZs-VozhqnTah36Qb4k.H6tvuhljDrhEsaJraO5jJKcoHeZ0knNi77ASjHGdPgg&dib_tag=se&keywords=laptop&qid=1762966310&sprefix=lap%2Caps%2C866&sr=8-256
153,"Pack of 60 F1 Formula One Racing Vinyl Self-Adhesive Stickers for Laptop, Journal, Diary, Guitar, Mobile Case - Waterproof Residue Free Multicolor Stickers - 3 Inches for Metal, Glass",249,https://amazon.in//CodersParadise-F1-Formula-Stickers-Journal/dp/B0BRG2V58V/ref=sr_1_257?crid=BRIHOKR3DFIP&dib=eyJ2IjoiMSJ9.lIDrQhbRHUjSNiRgKD_JqC6LjQ-JkMeKfTPhvbSkjmKZkij-VW2v-H6dlvgAcFARpyY6NdYJ-nVaV9MoMtzu97YkAliD36mVKOZrwmNRUL7SfwmDHcBprFt7N31aSpzJJKPZGZ6Ktk3qKoGS8RduscsXwlUlB21XTQa_LdEEUl_NmOsMe4hjllrMnBlJqWlSDnZgHmT89P5pK_8kOfttAY3N0yz-q4zmnMakT2da4ec.aDWJHIeuSkVJY6Upqs6p5nYbAgiUjDMsqhN0Vj0S9aM&dib_tag=se&keywords=laptop&qid=1762966316&sprefix=lap%2Caps%2C866&sr=8-257
154,"Full Laptop Skin Bubble-Free HD Quality Sticker for Laptops Upto 15.6"" Compatible with Apple/Dell/HP/Lenovo/Acer/Asus/Sony (Dustproof|Waterproof|Scratchproof|Reusable) - Day Dreaming FLBK1",248,https://amazon.in//ANCIARY-Bubble-Free-Compatible-Waterproof-Scratchproof/dp/B0CJRSJP21/ref=sr_1_258?crid=BRIHOKR3DFIP&dib=eyJ2IjoiMSJ9.lIDrQhbRHUjSNiRgKD_JqC6LjQ-JkMeKfTPhvbSkjmKZkij-VW2v-H6dlvgAcFARpyY6NdYJ-nVaV9MoMtzu97YkAliD36mVKOZrwmNRUL7SfwmDHcBprFt7N31aSpzJJKPZGZ6Ktk3qKoGS8RduscsXwlUlB21XTQa_LdEEUl_NmOsMe4hjllrMnBlJqWlSDnZgHmT89P5pK_8kOfttAY3N0yz-q4zmnMakT2da4ec.aDWJHIeuSkVJY6Upqs6p5nYbAgiUjDMsqhN0Vj0S9aM&dib_tag=se&keywords=laptop&qid=1762966316&sprefix=lap%2Caps%2C866&sr=8-258
155,Ganix 2 in 1 Combo Laptop Screen Guard 15.6 inch Screen Protector Guard Scratch Protector and Neoprene Reversible Laptop Sleeve for 15.6 inch Black-Red,299,https://amazon.in//Protector-Scratch-Neoprene-Reversible-Black-Red/dp/B0F6VHF21M/ref=sr_1_259?crid=BRIHOKR3DFIP&dib=eyJ2IjoiMSJ9.lIDrQhbRHUjSNiRgKD_JqC6LjQ-JkMeKfTPhvbSkjmKZkij-VW2v-H6dlvgAcFARpyY6NdYJ-nVaV9MoMtzu97YkAliD36mVKOZrwmNRUL7SfwmDHcBprFt7N31aSpzJJKPZGZ6Ktk3qKoGS8RduscsXwlUlB21XTQa_LdEEUl_NmOsMe4hjllrMnBlJqWlSDnZgHmT89P5pK_8kOfttAY3N0yz-q4zmnMakT2da4ec.aDWJHIeuSkVJY6Upqs6p5nYbAgiUjDMsqhN0Vj0S9aM&dib_tag=se&keywords=laptop&qid=1762966316&sprefix=lap%2Caps%2C866&sr=8-259
156,"SaleOn 8.3X5 Inch Portable Storage Organizer Bag Usb Cable, Earphone, Power Bank, Mobile Charger, Hard Disk & Digital Gadgets With Mesh, Dual Zippers & Elastic Loops, Inside Color May Vary, grey",298,https://amazon.in//SaleOn-Portable-Storage-Organizer-Earphone/dp/B0D5J6X2ZJ/ref=sr_1_260?crid=BRIHOKR3DFIP&dib=eyJ2IjoiMSJ9.lIDrQhbRHUjSNiRgKD_JqC6LjQ-JkMeKfTPhvbSkjmKZkij-VW2v-H6dlvgAcFARpyY6NdYJ-nVaV9MoMtzu97YkAliD36mVKOZrwmNRUL7SfwmDHcBprFt7N31aSpzJJKPZGZ6Ktk3qKoGS8RduscsXwlUlB21XTQa_LdEEUl_NmOsMe4hjllrMnBlJqWlSDnZgHmT89P5pK_8kOfttAY3N0yz-q4zmnMakT2da4ec.aDWJHIeuSkVJY6Upqs6p5nYbAgiUjDMsqhN0Vj0S9aM&dib_tag=se&keywords=laptop&qid=1762966316&sprefix=lap%2Caps%2C866&sr=8-260
157,"Maxelon Power Cable & HP Orignal 65W USB C Laptop Charger AC Adapter Replacement for HP Spectre X360,Spectre,Elitebook x360,Elitebook,Envy,Chromebook,Elite x2,ProBook Travel Type C","1,999",https://amazon.in//Charger-Adapter-Replacement-Elitebook-Chromebook/dp/B0DPJ4XDR4/ref=sr_1_261?crid=BRIHOKR3DFIP&dib=eyJ2IjoiMSJ9.lIDrQhbRHUjSNiRgKD_JqC6LjQ-JkMeKfTPhvbSkjmKZkij-VW2v-H6dlvgAcFARpyY6NdYJ-nVaV9MoMtzu97YkAliD36mVKOZrwmNRUL7SfwmDHcBprFt7N31aSpzJJKPZGZ6Ktk3qKoGS8RduscsXwlUlB21XTQa_LdEEUl_NmOsMe4hjllrMnBlJqWlSDnZgHmT89P5pK_8kOfttAY3N0yz-q4zmnMakT2da4ec.aDWJHIeuSkVJY6Upqs6p5nYbAgiUjDMsqhN0Vj0S9aM&dib_tag=se&keywords=laptop&qid=1762966316&sprefix=lap%2Caps%2C866&sr=8-261
158,"BARROT Multi-Purpose Device Cleaning Kit | Designed for Apple Devices - Macbooks, iMacs, iPads, iPhones, Airpods & More | Effective for All Laptops, Phones, Tablets & Lenses",599,https://amazon.in//BARROT-Multi-Purpose-Cleaning-Smartwatches-Microfiber/dp/B0BKZXP9BP/ref=sr_1_262?crid=BRIHOKR3DFIP&dib=eyJ2IjoiMSJ9.lIDrQhbRHUjSNiRgKD_JqC6LjQ-JkMeKfTPhvbSkjmKZkij-VW2v-H6dlvgAcFARpyY6NdYJ-nVaV9MoMtzu97YkAliD36mVKOZrwmNRUL7SfwmDHcBprFt7N31aSpzJJKPZGZ6Ktk3qKoGS8RduscsXwlUlB21XTQa_LdEEUl_NmOsMe4hjllrMnBlJqWlSDnZgHmT89P5pK_8kOfttAY3N0yz-q4zmnMakT2da4ec.aDWJHIeuSkVJY6Upqs6p5nYbAgiUjDMsqhN0Vj0S9aM&dib_tag=se&keywords=laptop&qid=1762966316&sprefix=lap%2Caps%2C866&sr=8-262
159,"HP Smartchoice Victus, 13th Gen Intel Core i7-13620H, 8GB RTX 5050, 24GB DDR5(Upgradeable) 1TB SSD, 144Hz, FHD, 15.6''/39.6cm, Win11, M365* Office24, Mica Silver, 2.29kg, fa2309TX, RGB Gaming Laptop","1,02,990",https://amazon.in//HP-Smartchoice-i7-13620H-Upgradeable-Office24/dp/B0FDKPZHB7/ref=sr_1_42?crid=BRIHOKR3DFIP&dib=eyJ2IjoiMSJ9.dm2EKRPFVTFwwgt2Yc4K5qTISUAaktXG-ozC5OLatiSB2ptz36LhrDG8k8rlr-6vUnnJEYF7TImkFUujJPReysw1Qriz6iio915Gu55w4St7ywb49wwVylhcry3OkLGZwgVMYK2b2EGLqPmiXIpN9YMXJDS8snAms6p_vkHqo4TRBetWnCoeCJ2ZaK70UKZRafHeOk8yAI9Bthe3zMIMPrUsDd0VhJzMUMigSiC9GYQ.w8QMv9h6B0qC0xMScvS0PrEibdTyoSgeXnx_5sar3Yc&dib_tag=se&keywords=laptop&qid=1762966213&sprefix=lap%2Caps%2C866&sr=8-42
160,"Full Laptop Skin Bubble-Free HD Quality Sticker for Laptops Upto 15.6"" Compatible with Apple/Dell/HP/Lenovo/Acer/Asus/Sony (Dustproof|Waterproof|Scratchproof|Reusable) - LR CLR FL1",248,https://amazon.in//ANCIARY-Bubble-Free-Compatible-Waterproof-Scratchproof/dp/B0DNCSRZ1X/ref=sr_1_263?crid=BRIHOKR3DFIP&dib=eyJ2IjoiMSJ9.lIDrQhbRHUjSNiRgKD_JqC6LjQ-JkMeKfTPhvbSkjmKZkij-VW2v-H6dlvgAcFARpyY6NdYJ-nVaV9MoMtzu97YkAliD36mVKOZrwmNRUL7SfwmDHcBprFt7N31aSpzJJKPZGZ6Ktk3qKoGS8RduscsXwlUlB21XTQa_LdEEUl_NmOsMe4hjllrMnBlJqWlSDnZgHmT89P5pK_8kOfttAY3N0yz-q4zmnMakT2da4ec.aDWJHIeuSkVJY6Upqs6p5nYbAgiUjDMsqhN0Vj0S9aM&dib_tag=se&keywords=laptop&qid=1762966316&sprefix=lap%2Caps%2C866&sr=8-263
161,"65W Replacement Laptop Charger for HP Pavilion x360 14 15 17, HP Envy 13 15 X360, HP Elitebook 840 G5, HP ProBook HP Chromebook HP Stream Series, HP Spectre 710412-001 19.5V 3.33A HP Adapter",949,https://amazon.in//Replacement-Pavilion-Elitebook-Chromebook-710412-001/dp/B0DW9CNRFV/ref=sr_1_264?crid=BRIHOKR3DFIP&dib=eyJ2IjoiMSJ9.lIDrQhbRHUjSNiRgKD_JqC6LjQ-JkMeKfTPhvbSkjmKZkij-VW2v-H6dlvgAcFARpyY6NdYJ-nVaV9MoMtzu97YkAliD36mVKOZrwmNRUL7SfwmDHcBprFt7N31aSpzJJKPZGZ6Ktk3qKoGS8RduscsXwlUlB21XTQa_LdEEUl_NmOsMe4hjllrMnBlJqWlSDnZgHmT89P5pK_8kOfttAY3N0yz-q4zmnMakT2da4ec.aDWJHIeuSkVJY6Upqs6p5nYbAgiUjDMsqhN0Vj0S9aM&dib_tag=se&keywords=laptop&qid=1762966316&sprefix=lap%2Caps%2C866&sr=8-264
162,Avengers Heroes D1 Full Body Vinyl Laptop Skin/Sticker/Cover Upto 15.6 Inches Laptops Laminated-Removable-HD Quality Compatible for Hp-Dell-Sony-Lenovo-Asus etc.(15x10 Inches),299,https://amazon.in//GalaxsiaTM-Avengers-Laminated-Removable-HD-Compatible-Hp-Dell-Sony-Lenovo-Asus/dp/B0D5VKWFKQ/ref=sr_1_265?crid=BRIHOKR3DFIP&dib=eyJ2IjoiMSJ9.lIDrQhbRHUjSNiRgKD_JqC6LjQ-JkMeKfTPhvbSkjmKZkij-VW2v-H6dlvgAcFARpyY6NdYJ-nVaV9MoMtzu97YkAliD36mVKOZrwmNRUL7SfwmDHcBprFt7N31aSpzJJKPZGZ6Ktk3qKoGS8RduscsXwlUlB21XTQa_LdEEUl_NmOsMe4hjllrMnBlJqWlSDnZgHmT89P5pK_8kOfttAY3N0yz-q4zmnMakT2da4ec.aDWJHIeuSkVJY6Upqs6p5nYbAgiUjDMsqhN0Vj0S9aM&dib_tag=se&keywords=laptop&qid=1762966316&sprefix=lap%2Caps%2C866&sr=8-265
163,HP 65W AC Blue Pin Laptops Charger Adapter 4.5mm fit for HP Pavilion Black (with 3 pin Power Cable),"1,499",https://amazon.in//Laptops-Charger-Adapter-4-5mm-Pavilion/dp/B0FV7ZH6WP/ref=sr_1_266?crid=BRIHOKR3DFIP&dib=eyJ2IjoiMSJ9.lIDrQhbRHUjSNiRgKD_JqC6LjQ-JkMeKfTPhvbSkjmKZkij-VW2v-H6dlvgAcFARpyY6NdYJ-nVaV9MoMtzu97YkAliD36mVKOZrwmNRUL7SfwmDHcBprFt7N31aSpzJJKPZGZ6Ktk3qKoGS8RduscsXwlUlB21XTQa_LdEEUl_NmOsMe4hjllrMnBlJqWlSDnZgHmT89P5pK_8kOfttAY3N0yz-q4zmnMakT2da4ec.aDWJHIeuSkVJY6Upqs6p5nYbAgiUjDMsqhN0Vj0S9aM&dib_tag=se&keywords=laptop&qid=1762966316&sprefix=lap%2Caps%2C866&sr=8-266
164,"MAGIC JOHN Vertical Laptop Stand & Storage Holder - Portable Aluminum Stand with Silicone Pads, Detachable Design, Cooling & Desktop Riser, Space-Saving for MacBook/Tablet (10-17 Inch) Silver","2,429",https://amazon.in//MAGIC-JOHN-Vertical-Laptop-Storage/dp/B0FMFG9GJH/ref=sr_1_267?crid=BRIHOKR3DFIP&dib=eyJ2IjoiMSJ9.lIDrQhbRHUjSNiRgKD_JqC6LjQ-JkMeKfTPhvbSkjmKZkij-VW2v-H6dlvgAcFARpyY6NdYJ-nVaV9MoMtzu97YkAliD36mVKOZrwmNRUL7SfwmDHcBprFt7N31aSpzJJKPZGZ6Ktk3qKoGS8RduscsXwlUlB21XTQa_LdEEUl_NmOsMe4hjllrMnBlJqWlSDnZgHmT89P5pK_8kOfttAY3N0yz-q4zmnMakT2da4ec.aDWJHIeuSkVJY6Upqs6p5nYbAgiUjDMsqhN0Vj0S9aM&dib_tag=se&keywords=laptop&qid=1762966316&sprefix=lap%2Caps%2C866&sr=8-267
165,"Full Laptop Skin Stickers HD Quality Sticker for Laptops Upto 15.6"" (Dustproof|Waterproof|Scratchproof|Reusable) - BE GRAF BLDNG FL",248,https://amazon.in//BAEYE-Stickers-Dustproof-Waterproof-Scratchproof/dp/B0D81D19YH/ref=sr_1_268?crid=BRIHOKR3DFIP&dib=eyJ2IjoiMSJ9.lIDrQhbRHUjSNiRgKD_JqC6LjQ-JkMeKfTPhvbSkjmKZkij-VW2v-H6dlvgAcFARpyY6NdYJ-nVaV9MoMtzu97YkAliD36mVKOZrwmNRUL7SfwmDHcBprFt7N31aSpzJJKPZGZ6Ktk3qKoGS8RduscsXwlUlB21XTQa_LdEEUl_NmOsMe4hjllrMnBlJqWlSDnZgHmT89P5pK_8kOfttAY3N0yz-q4zmnMakT2da4ec.aDWJHIeuSkVJY6Upqs6p5nYbAgiUjDMsqhN0Vj0S9aM&dib_tag=se&keywords=laptop&qid=1762966316&sprefix=lap%2Caps%2C866&sr=8-268
166,Design 11 Top+Wrist Pad Vinyl Laptop Skin/Sticker/Cover for 14 Inches Laptops Laminated-Removable-HD Quality Compatible for Hp-Dell-Sony-Lenovo-Asus etc.(13.8x9.6 Inches),279,https://amazon.in//Inkykart-Laminated-Removable-HD-Compatible-Hp-Dell-Sony-Lenovo-Asus-13-8x9-6/dp/B0DZHP9N3B/ref=sr_1_269?crid=BRIHOKR3DFIP&dib=eyJ2IjoiMSJ9.lIDrQhbRHUjSNiRgKD_JqC6LjQ-JkMeKfTPhvbSkjmKZkij-VW2v-H6dlvgAcFARpyY6NdYJ-nVaV9MoMtzu97YkAliD36mVKOZrwmNRUL7SfwmDHcBprFt7N31aSpzJJKPZGZ6Ktk3qKoGS8RduscsXwlUlB21XTQa_LdEEUl_NmOsMe4hjllrMnBlJqWlSDnZgHmT89P5pK_8kOfttAY3N0yz-q4zmnMakT2da4ec.aDWJHIeuSkVJY6Upqs6p5nYbAgiUjDMsqhN0Vj0S9aM&dib_tag=se&keywords=laptop&qid=1762966316&sprefix=lap%2Caps%2C866&sr=8-269
167,"STRIFF Professional 3-in-1 Laptop Cleaning kit, Laptop Cleaner, Screen Cleaner, Mobile Cleaning kit, Cleaning Kit for Camera, Lens, Binocular, Laptop, TV, Monitor, Smartphone, Tablet",129,https://amazon.in//STRIFF-Professional-cleaning-Binocular-Smartphone/dp/B0CVB5K3DL/ref=sr_1_270?crid=BRIHOKR3DFIP&dib=eyJ2IjoiMSJ9.lIDrQhbRHUjSNiRgKD_JqC6LjQ-JkMeKfTPhvbSkjmKZkij-VW2v-H6dlvgAcFARpyY6NdYJ-nVaV9MoMtzu97YkAliD36mVKOZrwmNRUL7SfwmDHcBprFt7N31aSpzJJKPZGZ6Ktk3qKoGS8RduscsXwlUlB21XTQa_LdEEUl_NmOsMe4hjllrMnBlJqWlSDnZgHmT89P5pK_8kOfttAY3N0yz-q4zmnMakT2da4ec.aDWJHIeuSkVJY6Upqs6p5nYbAgiUjDMsqhN0Vj0S9aM&dib_tag=se&keywords=laptop&qid=1762966316&sprefix=lap%2Caps%2C866&sr=8-270
168,Storite 10 Pack 220mm x 180mm x 2mm Speed Type Extended Gaming Non-Slip Rubber Base Mousepad Desk Mat Keyboard Pad for Laptop/Computer Office PC & Home,449,https://amazon.in//Storite-10-Pack-Extended-Mousepad/dp/B0D9XZQGWX/ref=sr_1_271?crid=BRIHOKR3DFIP&dib=eyJ2IjoiMSJ9.lIDrQhbRHUjSNiRgKD_JqC6LjQ-JkMeKfTPhvbSkjmKZkij-VW2v-H6dlvgAcFARpyY6NdYJ-nVaV9MoMtzu97YkAliD36mVKOZrwmNRUL7SfwmDHcBprFt7N31aSpzJJKPZGZ6Ktk3qKoGS8RduscsXwlUlB21XTQa_LdEEUl_NmOsMe4hjllrMnBlJqWlSDnZgHmT89P5pK_8kOfttAY3N0yz-q4zmnMakT2da4ec.aDWJHIeuSkVJY6Upqs6p5nYbAgiUjDMsqhN0Vj0S9aM&dib_tag=se&keywords=laptop&qid=1762966316&sprefix=lap%2Caps%2C866&sr=8-271
169,Geonix Trek T3 Aluminium Ergonomic Laptop Stand | 7 Angles Adjustable Tabletop | Anti Slip Rubber Pads | Foldable | Compatible with Laptops Upto 17 inch (Black),269,https://amazon.in//Aluminium-Ergonomic-Adjustable-Tabletop-Compatible/dp/B0F7B1MHLQ/ref=sr_1_272?crid=BRIHOKR3DFIP&dib=eyJ2IjoiMSJ9.lIDrQhbRHUjSNiRgKD_JqC6LjQ-JkMeKfTPhvbSkjmKZkij-VW2v-H6dlvgAcFARpyY6NdYJ-nVaV9MoMtzu97YkAliD36mVKOZrwmNRUL7SfwmDHcBprFt7N31aSpzJJKPZGZ6Ktk3qKoGS8RduscsXwlUlB21XTQa_LdEEUl_NmOsMe4hjllrMnBlJqWlSDnZgHmT89P5pK_8kOfttAY3N0yz-q4zmnMakT2da4ec.aDWJHIeuSkVJY6Upqs6p5nYbAgiUjDMsqhN0Vj0S9aM&dib_tag=se&keywords=laptop&qid=1762966316&sprefix=lap%2Caps%2C866&sr=8-272
170,"HP Smartchoice Victus, 13th Gen i7-13620H, 6GB RTX 4050, 16GB DDR4(Upgradeable) 512GB SSD, 144Hz, 300nits, FHD, 15.6''/39.6cm, Win11, M365* Office24, Mica Silver, 2.3kg, fa2100/03/04tx, Gaming Laptop","85,990",https://amazon.in//HP-Smartchoice-i7-13620H-Upgradeable-Office24/dp/B0FDKS93JV/ref=sr_1_43?crid=BRIHOKR3DFIP&dib=eyJ2IjoiMSJ9.dm2EKRPFVTFwwgt2Yc4K5qTISUAaktXG-ozC5OLatiSB2ptz36LhrDG8k8rlr-6vUnnJEYF7TImkFUujJPReysw1Qriz6iio915Gu55w4St7ywb49wwVylhcry3OkLGZwgVMYK2b2EGLqPmiXIpN9YMXJDS8snAms6p_vkHqo4TRBetWnCoeCJ2ZaK70UKZRafHeOk8yAI9Bthe3zMIMPrUsDd0VhJzMUMigSiC9GYQ.w8QMv9h6B0qC0xMScvS0PrEibdTyoSgeXnx_5sar3Yc&dib_tag=se&keywords=laptop&qid=1762966213&sprefix=lap%2Caps%2C866&sr=8-43
171,"Full Laptop Skin Bubble-Free HD Quality Sticker for Laptops Upto 15.6"" Compatible with Apple/Dell/HP/Lenovo/Acer/Asus/Sony (Dustproof|Waterproof|Scratchproof|Reusable) - LR CLR FL1",248,https://amazon.in//ANCIARY-Bubble-Free-Compatible-Waterproof-Scratchproof/dp/B0DNCSRZ1X/ref=sr_1_273?crid=BRIHOKR3DFIP&dib=eyJ2IjoiMSJ9.RfnC-AACeMiivXu3KqUnxhWFerM01O10knjBUMzKgAh4G4ZpsLC0HJukBXIcC5f8D92AX54c1wdAo0Ru_URo_ZZSDaV0GtO1jvl_bAne2oYfRu5R0NzgJDUVlEId20odGdetGboB3an_vwhFt-fcTIo-6OxlLYqkLNbNUc4m5o6icadgjg-ljg00KJMuiobT2T4wcmwNUStUCEQc2caM5UTwjfbts_4GaB3UvT9PXf0.6MoypX-4EBdkH4Gxy441xIZrk7vCxACkTAbP9Dqmqv0&dib_tag=se&keywords=laptop&qid=1762966323&sprefix=lap%2Caps%2C866&sr=8-273
172,"65W Replacement Laptop Charger for HP Pavilion x360 14 15 17, HP Envy 13 15 X360, HP Elitebook 840 G5, HP ProBook HP Chromebook HP Stream Series, HP Spectre 710412-001 19.5V 3.33A HP Adapter",949,https://amazon.in//Replacement-Pavilion-Elitebook-Chromebook-710412-001/dp/B0DW9CNRFV/ref=sr_1_274?crid=BRIHOKR3DFIP&dib=eyJ2IjoiMSJ9.RfnC-AACeMiivXu3KqUnxhWFerM01O10knjBUMzKgAh4G4ZpsLC0HJukBXIcC5f8D92AX54c1wdAo0Ru_URo_ZZSDaV0GtO1jvl_bAne2oYfRu5R0NzgJDUVlEId20odGdetGboB3an_vwhFt-fcTIo-6OxlLYqkLNbNUc4m5o6icadgjg-ljg00KJMuiobT2T4wcmwNUStUCEQc2caM5UTwjfbts_4GaB3UvT9PXf0.6MoypX-4EBdkH4Gxy441xIZrk7vCxACkTAbP9Dqmqv0&dib_tag=se&keywords=laptop&qid=1762966323&sprefix=lap%2Caps%2C866&sr=8-274
173,Avengers Heroes D1 Full Body Vinyl Laptop Skin/Sticker/Cover Upto 15.6 Inches Laptops Laminated-Removable-HD Quality Compatible for Hp-Dell-Sony-Lenovo-Asus etc.(15x10 Inches),299,https://amazon.in//GalaxsiaTM-Avengers-Laminated-Removable-HD-Compatible-Hp-Dell-Sony-Lenovo-Asus/dp/B0D5VKWFKQ/ref=sr_1_275?crid=BRIHOKR3DFIP&dib=eyJ2IjoiMSJ9.RfnC-AACeMiivXu3KqUnxhWFerM01O10knjBUMzKgAh4G4ZpsLC0HJukBXIcC5f8D92AX54c1wdAo0Ru_URo_ZZSDaV0GtO1jvl_bAne2oYfRu5R0NzgJDUVlEId20odGdetGboB3an_vwhFt-fcTIo-6OxlLYqkLNbNUc4m5o6icadgjg-ljg00KJMuiobT2T4wcmwNUStUCEQc2caM5UTwjfbts_4GaB3UvT9PXf0.6MoypX-4EBdkH4Gxy441xIZrk7vCxACkTAbP9Dqmqv0&dib_tag=se&keywords=laptop&qid=1762966323&sprefix=lap%2Caps%2C866&sr=8-275
174,"Gizga Pro Series 6-in-1 Cleaning KIT - 30ml Cleaning Spray, Air Blower, 50-Lens Tissues, 5 Sensor Swabs, Brush, Microfiber Cloth for Laptop, PC, Binocular, DSLR Camera Lens, Smartphone, Tablet",279,https://amazon.in//Essentials-Cleaning-Solution-Microfiber-Smartphone/dp/B01IBRHE3E/ref=sr_1_276?crid=BRIHOKR3DFIP&dib=eyJ2IjoiMSJ9.RfnC-AACeMiivXu3KqUnxhWFerM01O10knjBUMzKgAh4G4ZpsLC0HJukBXIcC5f8D92AX54c1wdAo0Ru_URo_ZZSDaV0GtO1jvl_bAne2oYfRu5R0NzgJDUVlEId20odGdetGboB3an_vwhFt-fcTIo-6OxlLYqkLNbNUc4m5o6icadgjg-ljg00KJMuiobT2T4wcmwNUStUCEQc2caM5UTwjfbts_4GaB3UvT9PXf0.6MoypX-4EBdkH4Gxy441xIZrk7vCxACkTAbP9Dqmqv0&dib_tag=se&keywords=laptop&qid=1762966323&sprefix=lap%2Caps%2C866&sr=8-276
175,HP 65W AC Blue Pin Laptops Charger Adapter 4.5mm fit for HP Pavilion Black (with 3 pin Power Cable),"1,499",https://amazon.in//Laptops-Charger-Adapter-4-5mm-Pavilion/dp/B0FV7ZH6WP/ref=sr_1_277?crid=BRIHOKR3DFIP&dib=eyJ2IjoiMSJ9.RfnC-AACeMiivXu3KqUnxhWFerM01O10knjBUMzKgAh4G4ZpsLC0HJukBXIcC5f8D92AX54c1wdAo0Ru_URo_ZZSDaV0GtO1jvl_bAne2oYfRu5R0NzgJDUVlEId20odGdetGboB3an_vwhFt-fcTIo-6OxlLYqkLNbNUc4m5o6icadgjg-ljg00KJMuiobT2T4wcmwNUStUCEQc2caM5UTwjfbts_4GaB3UvT9PXf0.6MoypX-4EBdkH4Gxy441xIZrk7vCxACkTAbP9Dqmqv0&dib_tag=se&keywords=laptop&qid=1762966323&sprefix=lap%2Caps%2C866&sr=8-277
176,"MAGIC JOHN Vertical Laptop Stand & Storage Holder - Portable Aluminum Stand with Silicone Pads, Detachable Design, Cooling & Desktop Riser, Space-Saving for MacBook/Tablet (10-17 Inch) Silver","2,429",https://amazon.in//MAGIC-JOHN-Vertical-Laptop-Storage/dp/B0FMFG9GJH/ref=sr_1_278?crid=BRIHOKR3DFIP&dib=eyJ2IjoiMSJ9.RfnC-AACeMiivXu3KqUnxhWFerM01O10knjBUMzKgAh4G4ZpsLC0HJukBXIcC5f8D92AX54c1wdAo0Ru_URo_ZZSDaV0GtO1jvl_bAne2oYfRu5R0NzgJDUVlEId20odGdetGboB3an_vwhFt-fcTIo-6OxlLYqkLNbNUc4m5o6icadgjg-ljg00KJMuiobT2T4wcmwNUStUCEQc2caM5UTwjfbts_4GaB3UvT9PXf0.6MoypX-4EBdkH4Gxy441xIZrk7vCxACkTAbP9Dqmqv0&dib_tag=se&keywords=laptop&qid=1762966323&sprefix=lap%2Caps%2C866&sr=8-278
177,"Full Laptop Skin Stickers HD Quality Sticker for Laptops Upto 15.6"" (Dustproof|Waterproof|Scratchproof|Reusable) - BE GRAF BLDNG FL",248,https://amazon.in//BAEYE-Stickers-Dustproof-Waterproof-Scratchproof/dp/B0D81D19YH/ref=sr_1_279?crid=BRIHOKR3DFIP&dib=eyJ2IjoiMSJ9.RfnC-AACeMiivXu3KqUnxhWFerM01O10knjBUMzKgAh4G4ZpsLC0HJukBXIcC5f8D92AX54c1wdAo0Ru_URo_ZZSDaV0GtO1jvl_bAne2oYfRu5R0NzgJDUVlEId20odGdetGboB3an_vwhFt-fcTIo-6OxlLYqkLNbNUc4m5o6icadgjg-ljg00KJMuiobT2T4wcmwNUStUCEQc2caM5UTwjfbts_4GaB3UvT9PXf0.6MoypX-4EBdkH4Gxy441xIZrk7vCxACkTAbP9Dqmqv0&dib_tag=se&keywords=laptop&qid=1762966323&sprefix=lap%2Caps%2C866&sr=8-279
178,Design 11 Top+Wrist Pad Vinyl Laptop Skin/Sticker/Cover for 14 Inches Laptops Laminated-Removable-HD Quality Compatible for Hp-Dell-Sony-Lenovo-Asus etc.(13.8x9.6 Inches),279,https://amazon.in//Inkykart-Laminated-Removable-HD-Compatible-Hp-Dell-Sony-Lenovo-Asus-13-8x9-6/dp/B0DZHP9N3B/ref=sr_1_280?crid=BRIHOKR3DFIP&dib=eyJ2IjoiMSJ9.RfnC-AACeMiivXu3KqUnxhWFerM01O10knjBUMzKgAh4G4ZpsLC0HJukBXIcC5f8D92AX54c1wdAo0Ru_URo_ZZSDaV0GtO1jvl_bAne2oYfRu5R0NzgJDUVlEId20odGdetGboB3an_vwhFt-fcTIo-6OxlLYqkLNbNUc4m5o6icadgjg-ljg00KJMuiobT2T4wcmwNUStUCEQc2caM5UTwjfbts_4GaB3UvT9PXf0.6MoypX-4EBdkH4Gxy441xIZrk7vCxACkTAbP9Dqmqv0&dib_tag=se&keywords=laptop&qid=1762966323&sprefix=lap%2Caps%2C866&sr=8-280
179,"STRIFF Professional 3-in-1 Laptop Cleaning kit, Laptop Cleaner, Screen Cleaner, Mobile Cleaning kit, Cleaning Kit for Camera, Lens, Binocular, Laptop, TV, Monitor, Smartphone, Tablet",129,https://amazon.in//STRIFF-Professional-cleaning-Binocular-Smartphone/dp/B0CVB5K3DL/ref=sr_1_281?crid=BRIHOKR3DFIP&dib=eyJ2IjoiMSJ9.RfnC-AACeMiivXu3KqUnxhWFerM01O10knjBUMzKgAh4G4ZpsLC0HJukBXIcC5f8D92AX54c1wdAo0Ru_URo_ZZSDaV0GtO1jvl_bAne2oYfRu5R0NzgJDUVlEId20odGdetGboB3an_vwhFt-fcTIo-6OxlLYqkLNbNUc4m5o6icadgjg-ljg00KJMuiobT2T4wcmwNUStUCEQc2caM5UTwjfbts_4GaB3UvT9PXf0.6MoypX-4EBdkH4Gxy441xIZrk7vCxACkTAbP9Dqmqv0&dib_tag=se&keywords=laptop&qid=1762966323&sprefix=lap%2Caps%2C866&sr=8-281
180,Geonix Trek T3 Aluminium Ergonomic Laptop Stand | 7 Angles Adjustable Tabletop | Anti Slip Rubber Pads | Foldable | Compatible with Laptops Upto 17 inch (Black),269,https://amazon.in//Aluminium-Ergonomic-Adjustable-Tabletop-Compatible/dp/B0F7B1MHLQ/ref=sr_1_282?crid=BRIHOKR3DFIP&dib=eyJ2IjoiMSJ9.RfnC-AACeMiivXu3KqUnxhWFerM01O10knjBUMzKgAh4G4ZpsLC0HJukBXIcC5f8D92AX54c1wdAo0Ru_URo_ZZSDaV0GtO1jvl_bAne2oYfRu5R0NzgJDUVlEId20odGdetGboB3an_vwhFt-fcTIo-6OxlLYqkLNbNUc4m5o6icadgjg-ljg00KJMuiobT2T4wcmwNUStUCEQc2caM5UTwjfbts_4GaB3UvT9PXf0.6MoypX-4EBdkH4Gxy441xIZrk7vCxACkTAbP9Dqmqv0&dib_tag=se&keywords=laptop&qid=1762966323&sprefix=lap%2Caps%2C866&sr=8-282
181,"HP Professional 15 (2025), Intel Core i5 13th Gen 1334U - (16 GB/512 GB SSD/Intel Iris Xe Graphics/Windows 11 Pro) Thin and Light Business Laptop/15.6"" FHD Display/Backlit/Turbo Silver/1.5 kg/MSO 2021","49,950",https://amazon.in//HP-Professional-Intel-Core-1334U/dp/B0CT8W287L/ref=sr_1_44?crid=BRIHOKR3DFIP&dib=eyJ2IjoiMSJ9.dm2EKRPFVTFwwgt2Yc4K5qTISUAaktXG-ozC5OLatiSB2ptz36LhrDG8k8rlr-6vUnnJEYF7TImkFUujJPReysw1Qriz6iio915Gu55w4St7ywb49wwVylhcry3OkLGZwgVMYK2b2EGLqPmiXIpN9YMXJDS8snAms6p_vkHqo4TRBetWnCoeCJ2ZaK70UKZRafHeOk8yAI9Bthe3zMIMPrUsDd0VhJzMUMigSiC9GYQ.w8QMv9h6B0qC0xMScvS0PrEibdTyoSgeXnx_5sar3Yc&dib_tag=se&keywords=laptop&qid=1762966213&sprefix=lap%2Caps%2C866&sr=8-44
182,"Portronics Toad 23 Wireless Optical Mouse with 2.4GHz, USB Nano Dongle, Optical Orientation, Click Wheel, Adjustable DPI(Pink)",299,https://amazon.in//Portronics-Wireless-Optical-Orientation-Adjustable/dp/B0BZHM6VNQ/ref=sr_1_283?crid=BRIHOKR3DFIP&dib=eyJ2IjoiMSJ9.RfnC-AACeMiivXu3KqUnxhWFerM01O10knjBUMzKgAh4G4ZpsLC0HJukBXIcC5f8D92AX54c1wdAo0Ru_URo_ZZSDaV0GtO1jvl_bAne2oYfRu5R0NzgJDUVlEId20odGdetGboB3an_vwhFt-fcTIo-6OxlLYqkLNbNUc4m5o6icadgjg-ljg00KJMuiobT2T4wcmwNUStUCEQc2caM5UTwjfbts_4GaB3UvT9PXf0.6MoypX-4EBdkH4Gxy441xIZrk7vCxACkTAbP9Dqmqv0&dib_tag=se&keywords=laptop&qid=1762966323&sprefix=lap%2Caps%2C866&sr=8-283
183,"SWAPKART Portable Flexible Adjustable Eye Protection USB LED Desk Light Table Lamp for Reading, Working on PC, Laptop, Power Bank, Bedroom (Multicolour, Plastic, Pack of 1)",299,https://amazon.in//SWAPKART-Portable-Reading-Working-Bedroom/dp/B07QMRHWJD/ref=sr_1_284?crid=BRIHOKR3DFIP&dib=eyJ2IjoiMSJ9.RfnC-AACeMiivXu3KqUnxhWFerM01O10knjBUMzKgAh4G4ZpsLC0HJukBXIcC5f8D92AX54c1wdAo0Ru_URo_ZZSDaV0GtO1jvl_bAne2oYfRu5R0NzgJDUVlEId20odGdetGboB3an_vwhFt-fcTIo-6OxlLYqkLNbNUc4m5o6icadgjg-ljg00KJMuiobT2T4wcmwNUStUCEQc2caM5UTwjfbts_4GaB3UvT9PXf0.6MoypX-4EBdkH4Gxy441xIZrk7vCxACkTAbP9Dqmqv0&dib_tag=se&keywords=laptop&qid=1762966323&sprefix=lap%2Caps%2C866&sr=8-284
184,"HP 240 Bluetooth Wireless Mouse with 3 Buttons/1600 DPI Red Optical Tracking/Sleek and Ambidextrous/Compatible to Windows 10, macOS, Chrome OS, 3 Years Warranty (Black)",849,https://amazon.in//HP-240-Bluetooth-Tracking-Compatible/dp/B09KBJK9LK/ref=sr_1_285?crid=BRIHOKR3DFIP&dib=eyJ2IjoiMSJ9.RfnC-AACeMiivXu3KqUnxhWFerM01O10knjBUMzKgAh4G4ZpsLC0HJukBXIcC5f8D92AX54c1wdAo0Ru_URo_ZZSDaV0GtO1jvl_bAne2oYfRu5R0NzgJDUVlEId20odGdetGboB3an_vwhFt-fcTIo-6OxlLYqkLNbNUc4m5o6icadgjg-ljg00KJMuiobT2T4wcmwNUStUCEQc2caM5UTwjfbts_4GaB3UvT9PXf0.6MoypX-4EBdkH4Gxy441xIZrk7vCxACkTAbP9Dqmqv0&dib_tag=se&keywords=laptop&qid=1762966323&sprefix=lap%2Caps%2C866&sr=8-285
185,"HP 350 Compact Multi-Device Bluetooth Keyboard; Spill Resistant; Swift Pair; OS Auto-Detection, LED Indicator, Battery Life Up to 24 Months, 3 Years Warranty","1,999",https://amazon.in//HP-Multi-Device-Bluetooth-Resistant-Auto-Detection/dp/B0BR3Z3NJ9/ref=sr_1_286?crid=BRIHOKR3DFIP&dib=eyJ2IjoiMSJ9.RfnC-AACeMiivXu3KqUnxhWFerM01O10knjBUMzKgAh4G4ZpsLC0HJukBXIcC5f8D92AX54c1wdAo0Ru_URo_ZZSDaV0GtO1jvl_bAne2oYfRu5R0NzgJDUVlEId20odGdetGboB3an_vwhFt-fcTIo-6OxlLYqkLNbNUc4m5o6icadgjg-ljg00KJMuiobT2T4wcmwNUStUCEQc2caM5UTwjfbts_4GaB3UvT9PXf0.6MoypX-4EBdkH4Gxy441xIZrk7vCxACkTAbP9Dqmqv0&dib_tag=se&keywords=laptop&qid=1762966323&sprefix=lap%2Caps%2C866&sr=8-286
186,"TP-Link Nano AC600 USB Wi-Fi Adapter(Archer T2U Nano)- 2.4G/5G Dual Band Wireless Network Adapter for PC Desktop Laptop, Mini Travel Size, Supports Windows 11,10, 8.1, 8, 7, XP/Mac OS 10.9-10.26","1,049",https://amazon.in//TP-Link-Archer-T2U-Nano-Wireless/dp/B07KRCW6LZ/ref=sr_1_287?crid=BRIHOKR3DFIP&dib=eyJ2IjoiMSJ9.RfnC-AACeMiivXu3KqUnxhWFerM01O10knjBUMzKgAh4G4ZpsLC0HJukBXIcC5f8D92AX54c1wdAo0Ru_URo_ZZSDaV0GtO1jvl_bAne2oYfRu5R0NzgJDUVlEId20odGdetGboB3an_vwhFt-fcTIo-6OxlLYqkLNbNUc4m5o6icadgjg-ljg00KJMuiobT2T4wcmwNUStUCEQc2caM5UTwjfbts_4GaB3UvT9PXf0.6MoypX-4EBdkH4Gxy441xIZrk7vCxACkTAbP9Dqmqv0&dib_tag=se&keywords=laptop&qid=1762966323&sprefix=lap%2Caps%2C866&sr=8-287
187,"Elfora Electronic 20 in 1 Cleaning Kit| Multifunction Tool Kit with Screen Cleaning Cloth, Brush, Key Puller, Spray Bottle| Cleaner Kit for PC, Laptop, iPhone, iPad, MacBook, Airpod & Keyboard(Black)",499,https://amazon.in//Elfora-Electronic-Cleaning-Multifunction-Keyboard/dp/B0F3P1PZ9D/ref=sr_1_288?crid=BRIHOKR3DFIP&dib=eyJ2IjoiMSJ9.RfnC-AACeMiivXu3KqUnxhWFerM01O10knjBUMzKgAh4G4ZpsLC0HJukBXIcC5f8D92AX54c1wdAo0Ru_URo_ZZSDaV0GtO1jvl_bAne2oYfRu5R0NzgJDUVlEId20odGdetGboB3an_vwhFt-fcTIo-6OxlLYqkLNbNUc4m5o6icadgjg-ljg00KJMuiobT2T4wcmwNUStUCEQc2caM5UTwjfbts_4GaB3UvT9PXf0.6MoypX-4EBdkH4Gxy441xIZrk7vCxACkTAbP9Dqmqv0&dib_tag=se&keywords=laptop&qid=1762966323&sprefix=lap%2Caps%2C866&sr=8-288
188,HP 65W AC Blue Pin Laptops Charger Adapter 4.5mm fit for HP Pavilion Black (with 3 pin Power Cable),"1,499",https://amazon.in//Laptops-Charger-Adapter-4-5mm-Pavilion/dp/B0FV7ZH6WP/ref=sr_1_289?crid=BRIHOKR3DFIP&dib=eyJ2IjoiMSJ9.zFMLDjyzjJLgVzxhpJdcPiGrdQGBaWWj_BNw6tSFF1h4AVtuFOlJt_1NEFl_1QaBORtmaci35l3Vl25YxuSlWgIjp7vjk4ZdieMeBa1caezta_UlXdr7K3_nXy-2wtFUhylMPgHKgvScosRfGN8snCjabjG_JTtOhcir6FCp61NL94CLEa3F_LtoZaQoHTQf8G3w2L-t42uBgNdp6Lyeso5fnD-eCtVSwwghWjtye24.zeSdirUXPNvPU2zvmG8dOZ0Iua-JiSMXjWOlKN5BgEk&dib_tag=se&keywords=laptop&qid=1762966331&sprefix=lap%2Caps%2C866&sr=8-289
189,"MAGIC JOHN Vertical Laptop Stand & Storage Holder - Portable Aluminum Stand with Silicone Pads, Detachable Design, Cooling & Desktop Riser, Space-Saving for MacBook/Tablet (10-17 Inch) Silver","2,429",https://amazon.in//MAGIC-JOHN-Vertical-Laptop-Storage/dp/B0FMFG9GJH/ref=sr_1_290?crid=BRIHOKR3DFIP&dib=eyJ2IjoiMSJ9.zFMLDjyzjJLgVzxhpJdcPiGrdQGBaWWj_BNw6tSFF1h4AVtuFOlJt_1NEFl_1QaBORtmaci35l3Vl25YxuSlWgIjp7vjk4ZdieMeBa1caezta_UlXdr7K3_nXy-2wtFUhylMPgHKgvScosRfGN8snCjabjG_JTtOhcir6FCp61NL94CLEa3F_LtoZaQoHTQf8G3w2L-t42uBgNdp6Lyeso5fnD-eCtVSwwghWjtye24.zeSdirUXPNvPU2zvmG8dOZ0Iua-JiSMXjWOlKN5BgEk&dib_tag=se&keywords=laptop&qid=1762966331&sprefix=lap%2Caps%2C866&sr=8-290
190,"Full Laptop Skin Stickers HD Quality Sticker for Laptops Upto 15.6"" (Dustproof|Waterproof|Scratchproof|Reusable) - BE GRAF BLDNG FL",248,https://amazon.in//BAEYE-Stickers-Dustproof-Waterproof-Scratchproof/dp/B0D81D19YH/ref=sr_1_291?crid=BRIHOKR3DFIP&dib=eyJ2IjoiMSJ9.zFMLDjyzjJLgVzxhpJdcPiGrdQGBaWWj_BNw6tSFF1h4AVtuFOlJt_1NEFl_1QaBORtmaci35l3Vl25YxuSlWgIjp7vjk4ZdieMeBa1caezta_UlXdr7K3_nXy-2wtFUhylMPgHKgvScosRfGN8snCjabjG_JTtOhcir6FCp61NL94CLEa3F_LtoZaQoHTQf8G3w2L-t42uBgNdp6Lyeso5fnD-eCtVSwwghWjtye24.zeSdirUXPNvPU2zvmG8dOZ0Iua-JiSMXjWOlKN5BgEk&dib_tag=se&keywords=laptop&qid=1762966331&sprefix=lap%2Caps%2C866&sr=8-291
191,Design 11 Top+Wrist Pad Vinyl Laptop Skin/Sticker/Cover for 14 Inches Laptops Laminated-Removable-HD Quality Compatible for Hp-Dell-Sony-Lenovo-Asus etc.(13.8x9.6 Inches),279,https://amazon.in//Inkykart-Laminated-Removable-HD-Compatible-Hp-Dell-Sony-Lenovo-Asus-13-8x9-6/dp/B0DZHP9N3B/ref=sr_1_292?crid=BRIHOKR3DFIP&dib=eyJ2IjoiMSJ9.zFMLDjyzjJLgVzxhpJdcPiGrdQGBaWWj_BNw6tSFF1h4AVtuFOlJt_1NEFl_1QaBORtmaci35l3Vl25YxuSlWgIjp7vjk4ZdieMeBa1caezta_UlXdr7K3_nXy-2wtFUhylMPgHKgvScosRfGN8snCjabjG_JTtOhcir6FCp61NL94CLEa3F_LtoZaQoHTQf8G3w2L-t42uBgNdp6Lyeso5fnD-eCtVSwwghWjtye24.zeSdirUXPNvPU2zvmG8dOZ0Iua-JiSMXjWOlKN5BgEk&dib_tag=se&keywords=laptop&qid=1762966331&sprefix=lap%2Caps%2C866&sr=8-292
192,"ASUS Vivobook 15, Intel Core i7 13th Gen 13620H, 16GB RAM, 1TB SSD, FHD 15.6"", Windows 11, Office Home 2024, Cool Silver, 1.7Kg, X1502VA-BQ1299WS, Intel UHD GPU, 42Whr, M365 Basic (1Year)* Laptop","68,990",https://amazon.in//ASUS-Vivobook-13620H-Windows-X1502VA-BQ1299WS/dp/B0FC2K5LJB/ref=sr_1_45?crid=BRIHOKR3DFIP&dib=eyJ2IjoiMSJ9.dm2EKRPFVTFwwgt2Yc4K5qTISUAaktXG-ozC5OLatiSB2ptz36LhrDG8k8rlr-6vUnnJEYF7TImkFUujJPReysw1Qriz6iio915Gu55w4St7ywb49wwVylhcry3OkLGZwgVMYK2b2EGLqPmiXIpN9YMXJDS8snAms6p_vkHqo4TRBetWnCoeCJ2ZaK70UKZRafHeOk8yAI9Bthe3zMIMPrUsDd0VhJzMUMigSiC9GYQ.w8QMv9h6B0qC0xMScvS0PrEibdTyoSgeXnx_5sar3Yc&dib_tag=se&keywords=laptop&qid=1762966213&sprefix=lap%2Caps%2C866&sr=8-45
193,amazon basics Vertical Laptop Stand | Space-Saving Design | Scratch-Resistant | Fits All Laptops Up to 17.3 inches (43.94cm),799,https://amazon.in//Vertical-Space-Saving-Scratch-Resistant-Laptops-43-94cm/dp/B0CW22HK8D/ref=sr_1_293?crid=BRIHOKR3DFIP&dib=eyJ2IjoiMSJ9.zFMLDjyzjJLgVzxhpJdcPiGrdQGBaWWj_BNw6tSFF1h4AVtuFOlJt_1NEFl_1QaBORtmaci35l3Vl25YxuSlWgIjp7vjk4ZdieMeBa1caezta_UlXdr7K3_nXy-2wtFUhylMPgHKgvScosRfGN8snCjabjG_JTtOhcir6FCp61NL94CLEa3F_LtoZaQoHTQf8G3w2L-t42uBgNdp6Lyeso5fnD-eCtVSwwghWjtye24.zeSdirUXPNvPU2zvmG8dOZ0Iua-JiSMXjWOlKN5BgEk&dib_tag=se&keywords=laptop&qid=1762966331&sprefix=lap%2Caps%2C866&sr=8-293
194,"STRIFF Professional 3-in-1 Laptop Cleaning kit, Laptop Cleaner, Screen Cleaner, Mobile Cleaning kit, Cleaning Kit for Camera, Lens, Binocular, Laptop, TV, Monitor, Smartphone, Tablet",129,https://amazon.in//STRIFF-Professional-cleaning-Binocular-Smartphone/dp/B0CVB5K3DL/ref=sr_1_294?crid=BRIHOKR3DFIP&dib=eyJ2IjoiMSJ9.zFMLDjyzjJLgVzxhpJdcPiGrdQGBaWWj_BNw6tSFF1h4AVtuFOlJt_1NEFl_1QaBORtmaci35l3Vl25YxuSlWgIjp7vjk4ZdieMeBa1caezta_UlXdr7K3_nXy-2wtFUhylMPgHKgvScosRfGN8snCjabjG_JTtOhcir6FCp61NL94CLEa3F_LtoZaQoHTQf8G3w2L-t42uBgNdp6Lyeso5fnD-eCtVSwwghWjtye24.zeSdirUXPNvPU2zvmG8dOZ0Iua-JiSMXjWOlKN5BgEk&dib_tag=se&keywords=laptop&qid=1762966331&sprefix=lap%2Caps%2C866&sr=8-294
195,Geonix Trek T3 Aluminium Ergonomic Laptop Stand | 7 Angles Adjustable Tabletop | Anti Slip Rubber Pads | Foldable | Compatible with Laptops Upto 17 inch (Black),269,https://amazon.in//Aluminium-Ergonomic-Adjustable-Tabletop-Compatible/dp/B0F7B1MHLQ/ref=sr_1_295?crid=BRIHOKR3DFIP&dib=eyJ2IjoiMSJ9.zFMLDjyzjJLgVzxhpJdcPiGrdQGBaWWj_BNw6tSFF1h4AVtuFOlJt_1NEFl_1QaBORtmaci35l3Vl25YxuSlWgIjp7vjk4ZdieMeBa1caezta_UlXdr7K3_nXy-2wtFUhylMPgHKgvScosRfGN8snCjabjG_JTtOhcir6FCp61NL94CLEa3F_LtoZaQoHTQf8G3w2L-t42uBgNdp6Lyeso5fnD-eCtVSwwghWjtye24.zeSdirUXPNvPU2zvmG8dOZ0Iua-JiSMXjWOlKN5BgEk&dib_tag=se&keywords=laptop&qid=1762966331&sprefix=lap%2Caps%2C866&sr=8-295
196,"Portronics Toad 23 Wireless Optical Mouse with 2.4GHz, USB Nano Dongle, Optical Orientation, Click Wheel, Adjustable DPI(Pink)",299,https://amazon.in//Portronics-Wireless-Optical-Orientation-Adjustable/dp/B0BZHM6VNQ/ref=sr_1_296?crid=BRIHOKR3DFIP&dib=eyJ2IjoiMSJ9.zFMLDjyzjJLgVzxhpJdcPiGrdQGBaWWj_BNw6tSFF1h4AVtuFOlJt_1NEFl_1QaBORtmaci35l3Vl25YxuSlWgIjp7vjk4ZdieMeBa1caezta_UlXdr7K3_nXy-2wtFUhylMPgHKgvScosRfGN8snCjabjG_JTtOhcir6FCp61NL94CLEa3F_LtoZaQoHTQf8G3w2L-t42uBgNdp6Lyeso5fnD-eCtVSwwghWjtye24.zeSdirUXPNvPU2zvmG8dOZ0Iua-JiSMXjWOlKN5BgEk&dib_tag=se&keywords=laptop&qid=1762966331&sprefix=lap%2Caps%2C866&sr=8-296
197,"SWAPKART Portable Flexible Adjustable Eye Protection USB LED Desk Light Table Lamp for Reading, Working on PC, Laptop, Power Bank, Bedroom (Multicolour, Plastic, Pack of 1)",299,https://amazon.in//SWAPKART-Portable-Reading-Working-Bedroom/dp/B07QMRHWJD/ref=sr_1_297?crid=BRIHOKR3DFIP&dib=eyJ2IjoiMSJ9.zFMLDjyzjJLgVzxhpJdcPiGrdQGBaWWj_BNw6tSFF1h4AVtuFOlJt_1NEFl_1QaBORtmaci35l3Vl25YxuSlWgIjp7vjk4ZdieMeBa1caezta_UlXdr7K3_nXy-2wtFUhylMPgHKgvScosRfGN8snCjabjG_JTtOhcir6FCp61NL94CLEa3F_LtoZaQoHTQf8G3w2L-t42uBgNdp6Lyeso5fnD-eCtVSwwghWjtye24.zeSdirUXPNvPU2zvmG8dOZ0Iua-JiSMXjWOlKN5BgEk&dib_tag=se&keywords=laptop&qid=1762966331&sprefix=lap%2Caps%2C866&sr=8-297
198,"TP-Link USB Bluetooth Adapter for PC, 5.3 Bluetooth Dongle Receiver (UB500) Supports Windows 11/10/8.1/7 for Desktop, Laptop, Mouse, Keyboard, Printers, Headsets, Speakers, PS4/ Xbox Controllers.",599,https://amazon.in//TP-Link-Bluetooth-Receiver-UB500-Controllers/dp/B098K3H92Z/ref=sr_1_298?crid=BRIHOKR3DFIP&dib=eyJ2IjoiMSJ9.zFMLDjyzjJLgVzxhpJdcPiGrdQGBaWWj_BNw6tSFF1h4AVtuFOlJt_1NEFl_1QaBORtmaci35l3Vl25YxuSlWgIjp7vjk4ZdieMeBa1caezta_UlXdr7K3_nXy-2wtFUhylMPgHKgvScosRfGN8snCjabjG_JTtOhcir6FCp61NL94CLEa3F_LtoZaQoHTQf8G3w2L-t42uBgNdp6Lyeso5fnD-eCtVSwwghWjtye24.zeSdirUXPNvPU2zvmG8dOZ0Iua-JiSMXjWOlKN5BgEk&dib_tag=se&keywords=laptop&qid=1762966331&sprefix=lap%2Caps%2C866&sr=8-298
199,"HP 240 Bluetooth Wireless Mouse with 3 Buttons/1600 DPI Red Optical Tracking/Sleek and Ambidextrous/Compatible to Windows 10, macOS, Chrome OS, 3 Years Warranty (Black)",849,https://amazon.in//HP-240-Bluetooth-Tracking-Compatible/dp/B09KBJK9LK/ref=sr_1_299?crid=BRIHOKR3DFIP&dib=eyJ2IjoiMSJ9.zFMLDjyzjJLgVzxhpJdcPiGrdQGBaWWj_BNw6tSFF1h4AVtuFOlJt_1NEFl_1QaBORtmaci35l3Vl25YxuSlWgIjp7vjk4ZdieMeBa1caezta_UlXdr7K3_nXy-2wtFUhylMPgHKgvScosRfGN8snCjabjG_JTtOhcir6FCp61NL94CLEa3F_LtoZaQoHTQf8G3w2L-t42uBgNdp6Lyeso5fnD-eCtVSwwghWjtye24.zeSdirUXPNvPU2zvmG8dOZ0Iua-JiSMXjWOlKN5BgEk&dib_tag=se&keywords=laptop&qid=1762966331&sprefix=lap%2Caps%2C866&sr=8-299
200,"USB WiFi Adapter 950Mbps Wireless Network Dongle for PC/Laptop, Single Band 2.4GHz Compatible with Windows 10/8/7, Mac OS, with Driver CD, WPA/WPA2 Secure",199,https://amazon.in//Receiver-300Mbps-802-11b-Wireless-Network/dp/B0141EZMAI/ref=sr_1_300?crid=BRIHOKR3DFIP&dib=eyJ2IjoiMSJ9.zFMLDjyzjJLgVzxhpJdcPiGrdQGBaWWj_BNw6tSFF1h4AVtuFOlJt_1NEFl_1QaBORtmaci35l3Vl25YxuSlWgIjp7vjk4ZdieMeBa1caezta_UlXdr7K3_nXy-2wtFUhylMPgHKgvScosRfGN8snCjabjG_JTtOhcir6FCp61NL94CLEa3F_LtoZaQoHTQf8G3w2L-t42uBgNdp6Lyeso5fnD-eCtVSwwghWjtye24.zeSdirUXPNvPU2zvmG8dOZ0Iua-JiSMXjWOlKN5BgEk&dib_tag=se&keywords=laptop&qid=1762966331&sprefix=lap%2Caps%2C866&sr=8-300
201,"TP-Link Nano AC600 USB Wi-Fi Adapter(Archer T2U Nano)- 2.4G/5G Dual Band Wireless Network Adapter for PC Desktop Laptop, Mini Travel Size, Supports Windows 11,10, 8.1, 8, 7, XP/Mac OS 10.9-10.26","1,049",https://amazon.in//TP-Link-Archer-T2U-Nano-Wireless/dp/B07KRCW6LZ/ref=sr_1_301?crid=BRIHOKR3DFIP&dib=eyJ2IjoiMSJ9.zFMLDjyzjJLgVzxhpJdcPiGrdQGBaWWj_BNw6tSFF1h4AVtuFOlJt_1NEFl_1QaBORtmaci35l3Vl25YxuSlWgIjp7vjk4ZdieMeBa1caezta_UlXdr7K3_nXy-2wtFUhylMPgHKgvScosRfGN8snCjabjG_JTtOhcir6FCp61NL94CLEa3F_LtoZaQoHTQf8G3w2L-t42uBgNdp6Lyeso5fnD-eCtVSwwghWjtye24.zeSdirUXPNvPU2zvmG8dOZ0Iua-JiSMXjWOlKN5BgEk&dib_tag=se&keywords=laptop&qid=1762966331&sprefix=lap%2Caps%2C866&sr=8-301
202,"Elfora Electronic 20 in 1 Cleaning Kit| Multifunction Tool Kit with Screen Cleaning Cloth, Brush, Key Puller, Spray Bottle| Cleaner Kit for PC, Laptop, iPhone, iPad, MacBook, Airpod & Keyboard(Black)",499,https://amazon.in//Elfora-Electronic-Cleaning-Multifunction-Keyboard/dp/B0F3P1PZ9D/ref=sr_1_302?crid=BRIHOKR3DFIP&dib=eyJ2IjoiMSJ9.zFMLDjyzjJLgVzxhpJdcPiGrdQGBaWWj_BNw6tSFF1h4AVtuFOlJt_1NEFl_1QaBORtmaci35l3Vl25YxuSlWgIjp7vjk4ZdieMeBa1caezta_UlXdr7K3_nXy-2wtFUhylMPgHKgvScosRfGN8snCjabjG_JTtOhcir6FCp61NL94CLEa3F_LtoZaQoHTQf8G3w2L-t42uBgNdp6Lyeso5fnD-eCtVSwwghWjtye24.zeSdirUXPNvPU2zvmG8dOZ0Iua-JiSMXjWOlKN5BgEk&dib_tag=se&keywords=laptop&qid=1762966331&sprefix=lap%2Caps%2C866&sr=8-302
203,"Lenovo V15 G4 IRU 15.6"" FHD 13th Gen Laptop, Intel Core i7-13620H, 16GB RAM,512GB SSD Storage, Intel UHD Graphics, Wi-Fi 6, Windows 11 & MS-Office liftime, Iron Grey, 1 Year (12M) Brand Warranty","58,999",https://amazon.in//Lenovo-V15-G4-IRU-i7-13620H/dp/B0FPFMV4XJ/ref=sr_1_46?crid=BRIHOKR3DFIP&dib=eyJ2IjoiMSJ9.dm2EKRPFVTFwwgt2Yc4K5qTISUAaktXG-ozC5OLatiSB2ptz36LhrDG8k8rlr-6vUnnJEYF7TImkFUujJPReysw1Qriz6iio915Gu55w4St7ywb49wwVylhcry3OkLGZwgVMYK2b2EGLqPmiXIpN9YMXJDS8snAms6p_vkHqo4TRBetWnCoeCJ2ZaK70UKZRafHeOk8yAI9Bthe3zMIMPrUsDd0VhJzMUMigSiC9GYQ.w8QMv9h6B0qC0xMScvS0PrEibdTyoSgeXnx_5sar3Yc&dib_tag=se&keywords=laptop&qid=1762966213&sprefix=lap%2Caps%2C866&sr=8-46
204,"Lenovo 150 Wireless Compact Mouse, 1K DPI Optical sensor, 2.4GHz Wireless NanoUSB, 10m range, 3button(left,right,scroll) upto 3M left/right clicks, 10month battery, Ambidextrous, Ergonomic, GY51L52638",650,https://amazon.in//Lenovo-Wireless-Ambidextrous-Ergonomic-GY51L52638/dp/B0CFG5Q8BB/ref=sr_1_303?crid=BRIHOKR3DFIP&dib=eyJ2IjoiMSJ9.zFMLDjyzjJLgVzxhpJdcPiGrdQGBaWWj_BNw6tSFF1h4AVtuFOlJt_1NEFl_1QaBORtmaci35l3Vl25YxuSlWgIjp7vjk4ZdieMeBa1caezta_UlXdr7K3_nXy-2wtFUhylMPgHKgvScosRfGN8snCjabjG_JTtOhcir6FCp61NL94CLEa3F_LtoZaQoHTQf8G3w2L-t42uBgNdp6Lyeso5fnD-eCtVSwwghWjtye24.zeSdirUXPNvPU2zvmG8dOZ0Iua-JiSMXjWOlKN5BgEk&dib_tag=se&keywords=laptop&qid=1762966331&sprefix=lap%2Caps%2C866&sr=8-303
205,170 Watt Replacement Lenovo Charger Power Supply Thinkpad Legion 5 Y7000P Y540 P15 P17 P73 P52 P51 P53 P50 P70 P71 Y530 Y720 Y730 Thunderbolt 3 Dock Lenovo 170W 20V Ac Adapter,"3,100",https://amazon.in//Lenovo-Charger-Thinkpad-Thunderbolt-Adapter/dp/B0CW3C2TV6/ref=sr_1_304?crid=BRIHOKR3DFIP&dib=eyJ2IjoiMSJ9.zFMLDjyzjJLgVzxhpJdcPiGrdQGBaWWj_BNw6tSFF1h4AVtuFOlJt_1NEFl_1QaBORtmaci35l3Vl25YxuSlWgIjp7vjk4ZdieMeBa1caezta_UlXdr7K3_nXy-2wtFUhylMPgHKgvScosRfGN8snCjabjG_JTtOhcir6FCp61NL94CLEa3F_LtoZaQoHTQf8G3w2L-t42uBgNdp6Lyeso5fnD-eCtVSwwghWjtye24.zeSdirUXPNvPU2zvmG8dOZ0Iua-JiSMXjWOlKN5BgEk&dib_tag=se&keywords=laptop&qid=1762966331&sprefix=lap%2Caps%2C866&sr=8-304
206,"ASUS TUF F16,13th Gen,Intel Core i5-13450HX,Gaming Laptop(RTX 5050-8GB/115W TGP/16GB RAM/1TB SSD/FHD+/16""/165Hz/90Whr/Windows 11/M365 Basic (1Year)*/Office Home 2024/Jaeger Gray/2.5 Kg)FX608JH-RV057WS","1,19,990",https://amazon.in//ASUS-i5-13450HX-5050-8GB-Windows-FX608JH-RV057WS/dp/B0FB9F4LGG/ref=sr_1_20?crid=BRIHOKR3DFIP&dib=eyJ2IjoiMSJ9.-pHuGMubnTtFejBeRwkv1C4crEoIRwv2OU-aWS3tnqXm7HdolD6Q19RHeZzkjdsGjtBWOyVTqKrsHD4uonBjNOprilriFE2Bl-gew3JQ8evR_k79vGGXZiX9kMZji4cJmbIHMP8ce4uWEliMe_-BwHBOjnFfzM1xclE5EzSJHOQ-ASGH2o5qTP77SrLucqtE7C-36zc2ykPLQjQ7wmE2hVsSAxYuQoYCTml-m61d_Os.ANsOfbTzTxfFEtfqwU1kjEJ59PKTss72wiCJiQ1dd5Q&dib_tag=se&keywords=laptop&qid=1762966204&sprefix=lap%2Caps%2C866&sr=8-20
207,"ASUS ROG Strix Scar 16 (2024), Intel Core i9 14900HX 14th Gen, 16""(40.64cm) 2.5K QHD+240Hz, Gaming Laptop (32GB DDR5/2TB SSD/12GB RTX 4080/Win11/Per-Key RGB/90WHr/Black/2.65Kg),G634JZR-CM932WS","2,71,990",https://amazon.in//ASUS-14900HX-40-64cm-Gaming-G634JZR-CM932WS/dp/B0CV17QD1G/ref=sr_1_47?crid=BRIHOKR3DFIP&dib=eyJ2IjoiMSJ9.dm2EKRPFVTFwwgt2Yc4K5qTISUAaktXG-ozC5OLatiSB2ptz36LhrDG8k8rlr-6vUnnJEYF7TImkFUujJPReysw1Qriz6iio915Gu55w4St7ywb49wwVylhcry3OkLGZwgVMYK2b2EGLqPmiXIpN9YMXJDS8snAms6p_vkHqo4TRBetWnCoeCJ2ZaK70UKZRafHeOk8yAI9Bthe3zMIMPrUsDd0VhJzMUMigSiC9GYQ.w8QMv9h6B0qC0xMScvS0PrEibdTyoSgeXnx_5sar3Yc&dib_tag=se&keywords=laptop&qid=1762966213&sprefix=lap%2Caps%2C866&sr=8-47
208,"HP 15, Intel Core i3-1315U-13th Gen Laptop (8GB DDR4 Ram,512GB SSD) Anti-Glare, Micro-Edge,15.6'' FHD, Win11,M365 Basic(1yr),Office Home24, Silver,1.59kg, FHD 15-FD0569TU/FD0129TU","34,990",https://amazon.in//HP-i3-1315U-13th-Anti-Glare-Micro-Edge-15-FD0569TU/dp/B0FKN7Z65N/ref=sr_1_48?crid=BRIHOKR3DFIP&dib=eyJ2IjoiMSJ9.dm2EKRPFVTFwwgt2Yc4K5qTISUAaktXG-ozC5OLatiSB2ptz36LhrDG8k8rlr-6vUnnJEYF7TImkFUujJPReysw1Qriz6iio915Gu55w4St7ywb49wwVylhcry3OkLGZwgVMYK2b2EGLqPmiXIpN9YMXJDS8snAms6p_vkHqo4TRBetWnCoeCJ2ZaK70UKZRafHeOk8yAI9Bthe3zMIMPrUsDd0VhJzMUMigSiC9GYQ.w8QMv9h6B0qC0xMScvS0PrEibdTyoSgeXnx_5sar3Yc&dib_tag=se&keywords=laptop&qid=1762966213&sprefix=lap%2Caps%2C866&sr=8-48
209,"ASUS Vivobook 15, Smartchoice, AMD Ryzen 7 5825U, 16GB RAM, 512GB SSD, FHD 15.6"", Windows 11, Office Home 2024, Quiet Blue, 1.7Kg, M1502YA-BQ703WS, AMD Radeon iGPU, M365 Basic (1Year)*, 42Whr Laptop","49,990",https://amazon.in//ASUS-Vivobook-Smartchoice-Windows-M1502YA-BQ703WS/dp/B0FC2LKFSC/ref=sr_1_49?crid=BRIHOKR3DFIP&dib=eyJ2IjoiMSJ9.PiQM50bLOLim2Z4deqNLZhmx0KJpgh6CekloxNDwImzjwdYf4u-xW237_JlwQogvatwv4h5XVXmo0G9uCwCj_maVNtt5Uk5Hr0Ik6Ph_YgdRe4-G-LcDLfMiEu138TjmtoJJiobgQ1q5yLa2oqNXRxtKKU6xbcQ_G3cgwqql7rkK1KhM-1l4ZkQ5-HiZJawGjiRAHzg3-TEAgOjD8RYHDqdVBOn8nq9-hidQBL6McIA.eafxICHGrq_LWrkGlcgTdv5F8bHDW4cncv2hL1uXwBY&dib_tag=se&keywords=laptop&qid=1762966221&sprefix=lap%2Caps%2C866&sr=8-49
210,"HP 14, 13th Gen Intel Core i5-1334U Laptop (16GB DDR4,512GB SSD) Anti-Glare, Micro-Edge, 14/35.6cm, FHD, Win11, M365 Basic(1yr),Office Home24, Silver,1.4kg, FHD Camera w/Privacy Shutter,ep0340TU","55,000",https://amazon.in//HP-i5-1334U-Anti-Glare-Micro-Edge-ep0340TU/dp/B0FNK1STHK/ref=sr_1_50?crid=BRIHOKR3DFIP&dib=eyJ2IjoiMSJ9.PiQM50bLOLim2Z4deqNLZhmx0KJpgh6CekloxNDwImzjwdYf4u-xW237_JlwQogvatwv4h5XVXmo0G9uCwCj_maVNtt5Uk5Hr0Ik6Ph_YgdRe4-G-LcDLfMiEu138TjmtoJJiobgQ1q5yLa2oqNXRxtKKU6xbcQ_G3cgwqql7rkK1KhM-1l4ZkQ5-HiZJawGjiRAHzg3-TEAgOjD8RYHDqdVBOn8nq9-hidQBL6McIA.eafxICHGrq_LWrkGlcgTdv5F8bHDW4cncv2hL1uXwBY&dib_tag=se&keywords=laptop&qid=1762966221&sprefix=lap%2Caps%2C866&sr=8-50
211,"ASUS TUF A16 (2025), AMD Ryzen 7 7445HS, Gaming Laptop (RTX 4050-6GB/140W TGP/32GB RAM/1TB SSD/FHD+/16""/56Whrs/Windows 11/M365 Basic (1Year)*/Office Home 2024/Mecha Gray/2.2Kg) FA607NUG-RL191WS","1,07,990",https://amazon.in//ASUS-7445HS-4050-6GB-Windows-FA607NUG-RL191WS/dp/B0FL23HG2R/ref=sr_1_51?crid=BRIHOKR3DFIP&dib=eyJ2IjoiMSJ9.PiQM50bLOLim2Z4deqNLZhmx0KJpgh6CekloxNDwImzjwdYf4u-xW237_JlwQogvatwv4h5XVXmo0G9uCwCj_maVNtt5Uk5Hr0Ik6Ph_YgdRe4-G-LcDLfMiEu138TjmtoJJiobgQ1q5yLa2oqNXRxtKKU6xbcQ_G3cgwqql7rkK1KhM-1l4ZkQ5-HiZJawGjiRAHzg3-TEAgOjD8RYHDqdVBOn8nq9-hidQBL6McIA.eafxICHGrq_LWrkGlcgTdv5F8bHDW4cncv2hL1uXwBY&dib_tag=se&keywords=laptop&qid=1762966221&sprefix=lap%2Caps%2C866&sr=8-51
212,Prime Laptop Bags for Men Office Use | Upto 15.6 inch | Expandable Bottom | Mobile & Pen Compartment with Multiple Organizers | PU Leather | Professional Office Bag for Man & Women - Tan,"1,579",https://amazon.in//sspa/click?ie=UTF8&spc=MToyOTAyNzY2MTg5NzE3OTY1OjE3NjI5NjYyMjE6c3Bfc2VhcmNoX3RoZW1hdGljOjMwMDYzMDQwODQ5ODkzMjo6MDo6&url=%2FRIONTO-Messenger-Bag-Expandable-Supports%2Fdp%2FB0C5T56YNY%2Fref%3Dsxin_13_pa_sp_search_thematic_sspa%3Fcontent-id%3Damzn1.sym.f4325b99-8968-4d6c-a274-a54cc530dfac%253Aamzn1.sym.f4325b99-8968-4d6c-a274-a54cc530dfac%26crid%3DBRIHOKR3DFIP%26cv_ct_cx%3Dlaptop%26keywords%3Dlaptop%26pd_rd_i%3DB0C5T56YNY%26pd_rd_r%3Db2b6b3aa-b177-4c67-af37-fac1fc37207e%26pd_rd_w%3DBsIP5%26pd_rd_wg%3D78x5k%26pf_rd_p%3Df4325b99-8968-4d6c-a274-a54cc530dfac%26pf_rd_r%3D9GMK9TRBSRPXX7HXA3MX%26qid%3D1762966221%26sbo%3DRZvfv%252F%252FHxDF%252BO5021pAnSA%253D%253D%26sprefix%3Dlap%252Caps%252C866%26sr%3D1-49-2ec22325-1003-449d-8aaf-c0bcc24717ae-spons%26aref%3DAjshKrbcDm%26sp_csd%3Dd2lkZ2V0TmFtZT1zcF9zZWFyY2hfdGhlbWF0aWM%26psc%3D1&aref=AjshKrbcDm&sp_cr=ZAZ
213,"Okami Nomad Laptop Backpack for Laptops Upto 15.6"" with Multi-Purpose Organizer Water Resistant Premium Backpack For Office | 30L Laptop Backpack for Men","3,825",https://amazon.in//sspa/click?ie=UTF8&spc=MToyOTAyNzY2MTg5NzE3OTY1OjE3NjI5NjYyMjE6c3Bfc2VhcmNoX3RoZW1hdGljOjMwMDQ0ODg0Nzc3OTMzMjo6MTo6&url=%2FOkami-Wolf-Multi-Purpose-Organizer-Resistant%2Fdp%2FB0DRYT6TVP%2Fref%3Dsxin_13_pa_sp_search_thematic_sspa%3Fcontent-id%3Damzn1.sym.f4325b99-8968-4d6c-a274-a54cc530dfac%253Aamzn1.sym.f4325b99-8968-4d6c-a274-a54cc530dfac%26crid%3DBRIHOKR3DFIP%26cv_ct_cx%3Dlaptop%26keywords%3Dlaptop%26pd_rd_i%3DB0DRYT6TVP%26pd_rd_r%3Db2b6b3aa-b177-4c67-af37-fac1fc37207e%26pd_rd_w%3DBsIP5%26pd_rd_wg%3D78x5k%26pf_rd_p%3Df4325b99-8968-4d6c-a274-a54cc530dfac%26pf_rd_r%3D9GMK9TRBSRPXX7HXA3MX%26qid%3D1762966221%26sbo%3DRZvfv%252F%252FHxDF%252BO5021pAnSA%253D%253D%26sprefix%3Dlap%252Caps%252C866%26sr%3D1-50-2ec22325-1003-449d-8aaf-c0bcc24717ae-spons%26aref%3DV6RWrmwONS%26sp_csd%3Dd2lkZ2V0TmFtZT1zcF9zZWFyY2hfdGhlbWF0aWM%26psc%3D1&aref=V6RWrmwONS&sp_cr=ZAZ
214,DailyObjects Zippered Sleeve for MacBook & Laptop 11 Inch | Solid Burgundy PU Leather Sleeves with Inner Lining | Durable Stylish Light Weight Sleek Design with Zip Closure,899,https://amazon.in//sspa/click?ie=UTF8&spc=MToyOTAyNzY2MTg5NzE3OTY1OjE3NjI5NjYyMjE6c3Bfc2VhcmNoX3RoZW1hdGljOjMwMDE5MDcwMDg4MTgzMjo6Mjo6&url=%2FDailyObjects-Burgundy-Leather-Zippered-MacBook%2Fdp%2FB082R8MJCQ%2Fref%3Dsxin_13_pa_sp_search_thematic_sspa%3Fcontent-id%3Damzn1.sym.f4325b99-8968-4d6c-a274-a54cc530dfac%253Aamzn1.sym.f4325b99-8968-4d6c-a274-a54cc530dfac%26crid%3DBRIHOKR3DFIP%26cv_ct_cx%3Dlaptop%26keywords%3Dlaptop%26pd_rd_i%3DB082R8MJCQ%26pd_rd_r%3Db2b6b3aa-b177-4c67-af37-fac1fc37207e%26pd_rd_w%3DBsIP5%26pd_rd_wg%3D78x5k%26pf_rd_p%3Df4325b99-8968-4d6c-a274-a54cc530dfac%26pf_rd_r%3D9GMK9TRBSRPXX7HXA3MX%26qid%3D1762966221%26sbo%3DRZvfv%252F%252FHxDF%252BO5021pAnSA%253D%253D%26sprefix%3Dlap%252Caps%252C866%26sr%3D1-51-2ec22325-1003-449d-8aaf-c0bcc24717ae-spons%26aref%3D2zusrtqXFs%26sp_csd%3Dd2lkZ2V0TmFtZT1zcF9zZWFyY2hfdGhlbWF0aWM%26psc%3D1&aref=2zusrtqXFs&sp_cr=ZAZ
215,Edge Vegan leather laptop bags for men office use Premium office bag for man | Messenger Bag for Man | Supports Laptop Upto 15.6 inch (Tan),"1,449",https://amazon.in//sspa/click?ie=UTF8&spc=MToyOTAyNzY2MTg5NzE3OTY1OjE3NjI5NjYyMjE6c3Bfc2VhcmNoX3RoZW1hdGljOjMwMDYzMDQwODQ5OTEzMjo6Mzo6&url=%2FRIONTO-Messenger-Bag-Leather-Supports%2Fdp%2FB0CX59QYHY%2Fref%3Dsxin_13_pa_sp_search_thematic_sspa%3Fcontent-id%3Damzn1.sym.f4325b99-8968-4d6c-a274-a54cc530dfac%253Aamzn1.sym.f4325b99-8968-4d6c-a274-a54cc530dfac%26crid%3DBRIHOKR3DFIP%26cv_ct_cx%3Dlaptop%26keywords%3Dlaptop%26pd_rd_i%3DB0CX59QYHY%26pd_rd_r%3Db2b6b3aa-b177-4c67-af37-fac1fc37207e%26pd_rd_w%3DBsIP5%26pd_rd_wg%3D78x5k%26pf_rd_p%3Df4325b99-8968-4d6c-a274-a54cc530dfac%26pf_rd_r%3D9GMK9TRBSRPXX7HXA3MX%26qid%3D1762966221%26sbo%3DRZvfv%252F%252FHxDF%252BO5021pAnSA%253D%253D%26sprefix%3Dlap%252Caps%252C866%26sr%3D1-52-2ec22325-1003-449d-8aaf-c0bcc24717ae-spons%26aref%3DXnyF8Q5QE6%26sp_csd%3Dd2lkZ2V0TmFtZT1zcF9zZWFyY2hfdGhlbWF0aWM%26psc%3D1&aref=XnyF8Q5QE6&sp_cr=ZAZ
216,"EUME Commute Laptop Bag for Men | Office Bag for Men & Women | With Padded Compartment | Vegan Leather & Nylon Fabric | Fits Up to 15.6"" Laptop & MacBook, 11L","3,699",https://amazon.in//sspa/click?ie=UTF8&spc=MToyOTAyNzY2MTg5NzE3OTY1OjE3NjI5NjYyMjE6c3Bfc2VhcmNoX3RoZW1hdGljOjMwMDY3Mjk2NzM3ODAzMjo6NDo6&url=%2FEUME-Commute-Compartment-Leather-Laptop%2Fdp%2FB0FGDM57YN%2Fref%3Dsxin_13_pa_sp_search_thematic_sspa%3Fcontent-id%3Damzn1.sym.f4325b99-8968-4d6c-a274-a54cc530dfac%253Aamzn1.sym.f4325b99-8968-4d6c-a274-a54cc530dfac%26crid%3DBRIHOKR3DFIP%26cv_ct_cx%3Dlaptop%26keywords%3Dlaptop%26pd_rd_i%3DB0FGDM57YN%26pd_rd_r%3Db2b6b3aa-b177-4c67-af37-fac1fc37207e%26pd_rd_w%3DBsIP5%26pd_rd_wg%3D78x5k%26pf_rd_p%3Df4325b99-8968-4d6c-a274-a54cc530dfac%26pf_rd_r%3D9GMK9TRBSRPXX7HXA3MX%26qid%3D1762966221%26sbo%3DRZvfv%252F%252FHxDF%252BO5021pAnSA%253D%253D%26sprefix%3Dlap%252Caps%252C866%26sr%3D1-53-2ec22325-1003-449d-8aaf-c0bcc24717ae-spons%26aref%3DubVlh2U5QA%26sp_csd%3Dd2lkZ2V0TmFtZT1zcF9zZWFyY2hfdGhlbWF0aWM%26psc%3D1&aref=ubVlh2U5QA&sp_cr=ZAZ
217,"BrowseBook 14.1"" FHD IPS Laptop | Best Student & Office Work Laptop | Celeron N4020 | 4GB RAM | 128GB SSD | Windows 11 | 38Wh | 1.3kg | Grey","12,990",https://amazon.in//Neopticon-BrowseBook-Student-Celeron-Windows/dp/B0FC64RYH1/ref=sr_1_21?crid=BRIHOKR3DFIP&dib=eyJ2IjoiMSJ9.-pHuGMubnTtFejBeRwkv1C4crEoIRwv2OU-aWS3tnqXm7HdolD6Q19RHeZzkjdsGjtBWOyVTqKrsHD4uonBjNOprilriFE2Bl-gew3JQ8evR_k79vGGXZiX9kMZji4cJmbIHMP8ce4uWEliMe_-BwHBOjnFfzM1xclE5EzSJHOQ-ASGH2o5qTP77SrLucqtE7C-36zc2ykPLQjQ7wmE2hVsSAxYuQoYCTml-m61d_Os.ANsOfbTzTxfFEtfqwU1kjEJ59PKTss72wiCJiQ1dd5Q&dib_tag=se&keywords=laptop&qid=1762966204&sprefix=lap%2Caps%2C866&sr=8-21
218,ULTIMUS APEX Laptop Intel Celeron Dual Core 8 GB LPDDR4 512 GB SSD Expandable~1TB 14.1 FHD IPS Laptop Anti-Glare Ultra Thin Bezel 180Â° Hinge 3.0x3 USB HDMI SD Card Slot Win 11 Home 1.25KG Silver,"17,990",https://amazon.in//ULTIMUS-Laptop-Celeron-Expandable-1TB-Anti-Glare/dp/B0F5WTFC3D/ref=sr_1_52?crid=BRIHOKR3DFIP&dib=eyJ2IjoiMSJ9.PiQM50bLOLim2Z4deqNLZhmx0KJpgh6CekloxNDwImzjwdYf4u-xW237_JlwQogvatwv4h5XVXmo0G9uCwCj_maVNtt5Uk5Hr0Ik6Ph_YgdRe4-G-LcDLfMiEu138TjmtoJJiobgQ1q5yLa2oqNXRxtKKU6xbcQ_G3cgwqql7rkK1KhM-1l4ZkQ5-HiZJawGjiRAHzg3-TEAgOjD8RYHDqdVBOn8nq9-hidQBL6McIA.eafxICHGrq_LWrkGlcgTdv5F8bHDW4cncv2hL1uXwBY&dib_tag=se&keywords=laptop&qid=1762966221&sprefix=lap%2Caps%2C866&sr=8-52
219,"Lenovo IdeaPad Slim 3, Intel Core i7-13620H, 13th Gen, 16GB RAM, 512GB SSD, FHD IPS 300 Nits, 15""/38.1cm, Windows 11, MSOffice 21, Grey, 1.6Kg, 83EM008GIN,1Yr ADP Free,Alexa Built-in Laptop","66,600",https://amazon.in//Lenovo-IdeaPad-i7-13620H-38-1cm-83EM008GIN/dp/B0D6NCVQZQ/ref=sr_1_53?crid=BRIHOKR3DFIP&dib=eyJ2IjoiMSJ9.PiQM50bLOLim2Z4deqNLZhmx0KJpgh6CekloxNDwImzjwdYf4u-xW237_JlwQogvatwv4h5XVXmo0G9uCwCj_maVNtt5Uk5Hr0Ik6Ph_YgdRe4-G-LcDLfMiEu138TjmtoJJiobgQ1q5yLa2oqNXRxtKKU6xbcQ_G3cgwqql7rkK1KhM-1l4ZkQ5-HiZJawGjiRAHzg3-TEAgOjD8RYHDqdVBOn8nq9-hidQBL6McIA.eafxICHGrq_LWrkGlcgTdv5F8bHDW4cncv2hL1uXwBY&dib_tag=se&keywords=laptop&qid=1762966221&sprefix=lap%2Caps%2C866&sr=8-53
220,"ASUS Vivobook 15, Smartchoice,Intel Core i5 13th Gen 13420H,16GB RAM, 512GB SSD, FHD 15.6"",Windows 11, Office Home 2024, Quiet Blue, 1.70 kg, X1502VA-BQ836WS,Intel UHD iGPU, M365 Basic (1Year)* Laptop","56,990",https://amazon.in//ASUS-Vivobook-i5-13420H-Keyboard-X1502VA-BQ836WS/dp/B0DTYKLHYC/ref=sr_1_54?crid=BRIHOKR3DFIP&dib=eyJ2IjoiMSJ9.PiQM50bLOLim2Z4deqNLZhmx0KJpgh6CekloxNDwImzjwdYf4u-xW237_JlwQogvatwv4h5XVXmo0G9uCwCj_maVNtt5Uk5Hr0Ik6Ph_YgdRe4-G-LcDLfMiEu138TjmtoJJiobgQ1q5yLa2oqNXRxtKKU6xbcQ_G3cgwqql7rkK1KhM-1l4ZkQ5-HiZJawGjiRAHzg3-TEAgOjD8RYHDqdVBOn8nq9-hidQBL6McIA.eafxICHGrq_LWrkGlcgTdv5F8bHDW4cncv2hL1uXwBY&dib_tag=se&keywords=laptop&qid=1762966221&sprefix=lap%2Caps%2C866&sr=8-54
221,"HP Victus, Intel Core i7, 13th Gen-13620H, 6 GB RTX 3050 Gaming Laptop, (16GB DDR4, 512GB SSD) 144Hz,300 nits, IPS, 15.6inch(39.6cm) Win 11, M365* Office24, Blue,2.29kg, Backlit,fa2077tx","79,990",https://amazon.in//HP-Victus-Gen-13620H-15-6inch-Office24/dp/B0FM84XXPY/ref=sr_1_55?crid=BRIHOKR3DFIP&dib=eyJ2IjoiMSJ9.PiQM50bLOLim2Z4deqNLZhmx0KJpgh6CekloxNDwImzjwdYf4u-xW237_JlwQogvatwv4h5XVXmo0G9uCwCj_maVNtt5Uk5Hr0Ik6Ph_YgdRe4-G-LcDLfMiEu138TjmtoJJiobgQ1q5yLa2oqNXRxtKKU6xbcQ_G3cgwqql7rkK1KhM-1l4ZkQ5-HiZJawGjiRAHzg3-TEAgOjD8RYHDqdVBOn8nq9-hidQBL6McIA.eafxICHGrq_LWrkGlcgTdv5F8bHDW4cncv2hL1uXwBY&dib_tag=se&keywords=laptop&qid=1762966221&sprefix=lap%2Caps%2C866&sr=8-55
222,"ASUS ROG Strix SCAR 18,Intel Core Ultra 9 275HX Gaming Laptop(NVIDIA RTX 5090-24GB/175W TGP/64GB/2TB/2.5K QHD+/18""/240Hz/Windows 11/M365 Basic(1Year)*/Office Home 2024/Off Black/3.30 Kg)G835LX-SA187WS","4,49,990",https://amazon.in//ASUS-Gaming-5090-24GB-Windows-G835LX-SA187WS/dp/B0F5BFQR4T/ref=sr_1_56?crid=BRIHOKR3DFIP&dib=eyJ2IjoiMSJ9.PiQM50bLOLim2Z4deqNLZhmx0KJpgh6CekloxNDwImzjwdYf4u-xW237_JlwQogvatwv4h5XVXmo0G9uCwCj_maVNtt5Uk5Hr0Ik6Ph_YgdRe4-G-LcDLfMiEu138TjmtoJJiobgQ1q5yLa2oqNXRxtKKU6xbcQ_G3cgwqql7rkK1KhM-1l4ZkQ5-HiZJawGjiRAHzg3-TEAgOjD8RYHDqdVBOn8nq9-hidQBL6McIA.eafxICHGrq_LWrkGlcgTdv5F8bHDW4cncv2hL1uXwBY&dib_tag=se&keywords=laptop&qid=1762966221&sprefix=lap%2Caps%2C866&sr=8-56
223,"HP Pro Book14[New Launch], 13th Gen Intel Core i5-1335U Turbo Boost, 24GB DDR4, 512GB SSD, Win11 Pro, MSO21, 3 Year Warranty, IPS 14"" FHD HDR Laptop, Finger Print, Backlit KB, Metal Body, Anti Virus","71,550",https://amazon.in//HP-Book14-i5-1335U-Warranty-Backlit/dp/B0FKN9VL6S/ref=sr_1_57?crid=BRIHOKR3DFIP&dib=eyJ2IjoiMSJ9.PiQM50bLOLim2Z4deqNLZhmx0KJpgh6CekloxNDwImzjwdYf4u-xW237_JlwQogvatwv4h5XVXmo0G9uCwCj_maVNtt5Uk5Hr0Ik6Ph_YgdRe4-G-LcDLfMiEu138TjmtoJJiobgQ1q5yLa2oqNXRxtKKU6xbcQ_G3cgwqql7rkK1KhM-1l4ZkQ5-HiZJawGjiRAHzg3-TEAgOjD8RYHDqdVBOn8nq9-hidQBL6McIA.eafxICHGrq_LWrkGlcgTdv5F8bHDW4cncv2hL1uXwBY&dib_tag=se&keywords=laptop&qid=1762966221&sprefix=lap%2Caps%2C866&sr=8-57
224,"Acer Aspire 3 (2025) Intel Core i5 13th Gen 1334U - (16 GB/512 GB SSD/Intel UHD Graphics/Windows 11 Home) Thin and Light Laptop/15.6"" FHD IPS Display/Metal Body/Silver/1.5 Kg/MSO 2021/3 Years Warranty","45,760",https://amazon.in//Acer-Aspire-Intel-Core-1334U/dp/B0FMWQ4FDK/ref=sr_1_58?crid=BRIHOKR3DFIP&dib=eyJ2IjoiMSJ9.PiQM50bLOLim2Z4deqNLZhmx0KJpgh6CekloxNDwImzjwdYf4u-xW237_JlwQogvatwv4h5XVXmo0G9uCwCj_maVNtt5Uk5Hr0Ik6Ph_YgdRe4-G-LcDLfMiEu138TjmtoJJiobgQ1q5yLa2oqNXRxtKKU6xbcQ_G3cgwqql7rkK1KhM-1l4ZkQ5-HiZJawGjiRAHzg3-TEAgOjD8RYHDqdVBOn8nq9-hidQBL6McIA.eafxICHGrq_LWrkGlcgTdv5F8bHDW4cncv2hL1uXwBY&dib_tag=se&keywords=laptop&qid=1762966221&sprefix=lap%2Caps%2C866&sr=8-58
225,"HP 255 Notebook, AMD Athlon Silver 7120U,8GB DDR4, 256GB SSD, 15.6-inch(39.6cm),Anti-Glare, HD Laptop, Radeon Graphics, (Win 11, Silver,1.52kg) G10","24,980",https://amazon.in//HP-%E2%80%8E%E2%80%8ELaptop-Athlon-Silver-Windows/dp/B0DV984J97/ref=sr_1_59?crid=BRIHOKR3DFIP&dib=eyJ2IjoiMSJ9.PiQM50bLOLim2Z4deqNLZhmx0KJpgh6CekloxNDwImzjwdYf4u-xW237_JlwQogvatwv4h5XVXmo0G9uCwCj_maVNtt5Uk5Hr0Ik6Ph_YgdRe4-G-LcDLfMiEu138TjmtoJJiobgQ1q5yLa2oqNXRxtKKU6xbcQ_G3cgwqql7rkK1KhM-1l4ZkQ5-HiZJawGjiRAHzg3-TEAgOjD8RYHDqdVBOn8nq9-hidQBL6McIA.eafxICHGrq_LWrkGlcgTdv5F8bHDW4cncv2hL1uXwBY&dib_tag=se&keywords=laptop&qid=1762966221&sprefix=lap%2Caps%2C866&sr=8-59
226,"Dell 15 Laptop DC15250-15.6-inch FHD (1920x1080) 120Hz Display, Intel Core i5-1334U Processor, 16GB DDR4 RAM, 512GB SSD, Intel UHD Graphics, Windows 11 Home, Onsite Service - Platinum Silver","54,499",https://amazon.in//Dell-DC15250-15-6-inch-1920x1080-i5-1334U-Processor/dp/B0F167PYK7/ref=sr_1_60?crid=BRIHOKR3DFIP&dib=eyJ2IjoiMSJ9.PiQM50bLOLim2Z4deqNLZhmx0KJpgh6CekloxNDwImzjwdYf4u-xW237_JlwQogvatwv4h5XVXmo0G9uCwCj_maVNtt5Uk5Hr0Ik6Ph_YgdRe4-G-LcDLfMiEu138TjmtoJJiobgQ1q5yLa2oqNXRxtKKU6xbcQ_G3cgwqql7rkK1KhM-1l4ZkQ5-HiZJawGjiRAHzg3-TEAgOjD8RYHDqdVBOn8nq9-hidQBL6McIA.eafxICHGrq_LWrkGlcgTdv5F8bHDW4cncv2hL1uXwBY&dib_tag=se&keywords=laptop&qid=1762966221&sprefix=lap%2Caps%2C866&sr=8-60
227,"HP Professional 14 (2025), Intel Core i5 13th Gen 1334U - 32 GB/512 GB SSD/Intel Iris Xe Graphic/Windows 11 Home Thin and Light Business Laptop/14.0"" FHD/Backlit + Fingerprint/Silver/1.4 Kg/MSO 2021","54,100",https://amazon.in//HP-Professional-Intel-Core-1334U/dp/B0DC71VXF4/ref=sr_1_61?crid=BRIHOKR3DFIP&dib=eyJ2IjoiMSJ9.PiQM50bLOLim2Z4deqNLZhmx0KJpgh6CekloxNDwImzjwdYf4u-xW237_JlwQogvatwv4h5XVXmo0G9uCwCj_maVNtt5Uk5Hr0Ik6Ph_YgdRe4-G-LcDLfMiEu138TjmtoJJiobgQ1q5yLa2oqNXRxtKKU6xbcQ_G3cgwqql7rkK1KhM-1l4ZkQ5-HiZJawGjiRAHzg3-TEAgOjD8RYHDqdVBOn8nq9-hidQBL6McIA.eafxICHGrq_LWrkGlcgTdv5F8bHDW4cncv2hL1uXwBY&dib_tag=se&keywords=laptop&qid=1762966221&sprefix=lap%2Caps%2C866&sr=8-61
228,"Lenovo V15 G4 AMD Ryzen 5 7520U 15.6 inch FHD Laptop, AMD Graphics, 16GB DDR5 5500Mhz Ram, 512GB SSD NVMe, Windows 11, Dolby Audio, Arctic Grey, 1 Year Onsite Brand Warranty","35,990",https://amazon.in//Lenovo-Graphics-5500Mhz-Windows-Warranty/dp/B0F29HNJL1/ref=sr_1_22?crid=BRIHOKR3DFIP&dib=eyJ2IjoiMSJ9.-pHuGMubnTtFejBeRwkv1C4crEoIRwv2OU-aWS3tnqXm7HdolD6Q19RHeZzkjdsGjtBWOyVTqKrsHD4uonBjNOprilriFE2Bl-gew3JQ8evR_k79vGGXZiX9kMZji4cJmbIHMP8ce4uWEliMe_-BwHBOjnFfzM1xclE5EzSJHOQ-ASGH2o5qTP77SrLucqtE7C-36zc2ykPLQjQ7wmE2hVsSAxYuQoYCTml-m61d_Os.ANsOfbTzTxfFEtfqwU1kjEJ59PKTss72wiCJiQ1dd5Q&dib_tag=se&keywords=laptop&qid=1762966204&sprefix=lap%2Caps%2C866&sr=8-22
229,"Acer Aspire 3 12th Gen Intel Core i3-1215U Premium Laptop (8GB RAM/512GB SSD/Windows 11 Home) A325-51,15.6"" Full HD IPS Display, 54Whr Battery, Silver, 1.69 Kg","29,990",https://amazon.in//Acer-i3-1215U-Premium-Windows-AL15-52/dp/B0CKLN7PSZ/ref=sr_1_62?crid=BRIHOKR3DFIP&dib=eyJ2IjoiMSJ9.PiQM50bLOLim2Z4deqNLZhmx0KJpgh6CekloxNDwImzjwdYf4u-xW237_JlwQogvatwv4h5XVXmo0G9uCwCj_maVNtt5Uk5Hr0Ik6Ph_YgdRe4-G-LcDLfMiEu138TjmtoJJiobgQ1q5yLa2oqNXRxtKKU6xbcQ_G3cgwqql7rkK1KhM-1l4ZkQ5-HiZJawGjiRAHzg3-TEAgOjD8RYHDqdVBOn8nq9-hidQBL6McIA.eafxICHGrq_LWrkGlcgTdv5F8bHDW4cncv2hL1uXwBY&dib_tag=se&keywords=laptop&qid=1762966221&sprefix=lap%2Caps%2C866&sr=8-62
230,"Acer Aspire Lite, AMD Ryzen 7-7730U, 16 GB RAM, 512 GB SSD, Full HD IPS,15.6""/39.62 cm, Windows 11 Home, MS Office, Steel Gray, 1.59 KG, AL15-41, Thin and Light Laptop","44,990",https://amazon.in//Aspire-7-7730U-Windows-Office-AL15-41/dp/B0FCXZ85YX/ref=sr_1_63?crid=BRIHOKR3DFIP&dib=eyJ2IjoiMSJ9.PiQM50bLOLim2Z4deqNLZhmx0KJpgh6CekloxNDwImzjwdYf4u-xW237_JlwQogvatwv4h5XVXmo0G9uCwCj_maVNtt5Uk5Hr0Ik6Ph_YgdRe4-G-LcDLfMiEu138TjmtoJJiobgQ1q5yLa2oqNXRxtKKU6xbcQ_G3cgwqql7rkK1KhM-1l4ZkQ5-HiZJawGjiRAHzg3-TEAgOjD8RYHDqdVBOn8nq9-hidQBL6McIA.eafxICHGrq_LWrkGlcgTdv5F8bHDW4cncv2hL1uXwBY&dib_tag=se&keywords=laptop&qid=1762966221&sprefix=lap%2Caps%2C866&sr=8-63
231,"ASUS Vivobook Go 14, AMD Ryzen 5 7520U, 16GB RAM, 512GB SSD, FHD 14"", Windows 11, Office Home 2024, M365 Basic (1Year)*, Black, 1.38kg, E1404FA-EB2542WS, AMD Radeon iGPU, 42WHrs, Thin & Light Laptop","42,990",https://amazon.in//ASUS-Vivobook-Windows-Office-E1404FA-EB2542WS/dp/B09CLCHPLV/ref=sr_1_64?crid=BRIHOKR3DFIP&dib=eyJ2IjoiMSJ9.PiQM50bLOLim2Z4deqNLZhmx0KJpgh6CekloxNDwImzjwdYf4u-xW237_JlwQogvatwv4h5XVXmo0G9uCwCj_maVNtt5Uk5Hr0Ik6Ph_YgdRe4-G-LcDLfMiEu138TjmtoJJiobgQ1q5yLa2oqNXRxtKKU6xbcQ_G3cgwqql7rkK1KhM-1l4ZkQ5-HiZJawGjiRAHzg3-TEAgOjD8RYHDqdVBOn8nq9-hidQBL6McIA.eafxICHGrq_LWrkGlcgTdv5F8bHDW4cncv2hL1uXwBY&dib_tag=se&keywords=laptop&qid=1762966221&sprefix=lap%2Caps%2C866&sr=8-64
232,"Lenovo IdeaPad Slim 3 12th Gen Intel Core i5-12450H 15.6 inch (39.6cm) FHD Laptop (16GB RAM/512GB SSD/Windows 11/Office Home 2024/1Yr ADP Free/Grey/1.62Kg), 83ER00KPIN/83ER00KRIN","47,000",https://amazon.in//Lenovo-IdeaPad-i5-12450H-Windows-83ER00KPIN/dp/B0DR96PF63/ref=sr_1_81?crid=BRIHOKR3DFIP&dib=eyJ2IjoiMSJ9.pkLRQkKuAhakCaHk8SQ0HIoShilO8YxKtU0ANNnCqrbPu5zjQk-aBSvfyevbmuu1vSChCZIibfi-5a9DtyxDwhT1c2pMhgeKYQF8sGRz79w8Da-3AtamhPbTXX8QFEYCFqVMZzZYB76gFGJ3H9YVNwHcvtxxgg9uhvhV85GcdqazwoxnXRfQ9dIuipXBApZEo3bxUDigtTW5IAyLkqRM3lv2VuF-O3vwlcX2-8ROE28.PKwalTzcORJSPN2pHnJQRlVYRYRuXpjZvbUyyTQf5Rc&dib_tag=se&keywords=laptop&qid=1762966237&sprefix=lap%2Caps%2C866&sr=8-81
233,"Lenovo ThinkBook 16 AMD Ryzen 5 7535HS (16GB RAM/512GB SSD/Win 11 Home/Office 2024/Backlit Keyboard/Fingerprint) 16"" WUXGA IPS 300 Nits Thin & Light Laptop/1Y Warranty/Aluminium Top/1.7kg, 21MWA0BSIN","46,666",https://amazon.in//Lenovo-ThinkBook-Fingerprint-Aluminium-21MWA0BSIN/dp/B0DZJ262NX/ref=sr_1_82?crid=BRIHOKR3DFIP&dib=eyJ2IjoiMSJ9.pkLRQkKuAhakCaHk8SQ0HIoShilO8YxKtU0ANNnCqrbPu5zjQk-aBSvfyevbmuu1vSChCZIibfi-5a9DtyxDwhT1c2pMhgeKYQF8sGRz79w8Da-3AtamhPbTXX8QFEYCFqVMZzZYB76gFGJ3H9YVNwHcvtxxgg9uhvhV85GcdqazwoxnXRfQ9dIuipXBApZEo3bxUDigtTW5IAyLkqRM3lv2VuF-O3vwlcX2-8ROE28.PKwalTzcORJSPN2pHnJQRlVYRYRuXpjZvbUyyTQf5Rc&dib_tag=se&keywords=laptop&qid=1762966237&sprefix=lap%2Caps%2C866&sr=8-82
234,"Acer Aspire Lite, Intel Core i5 13th Gen - 1334U, 16GB RAM, 512GB SSD, Full HD 15.6""/39.62 cm, Windows 11 Home, MS Office, Steel Gray, 1.59 KG, AL15-53, Metal Body, Thin and Light Premium Laptop","43,140",https://amazon.in//Acer-Aspire-Lite-Intel-Core/dp/B0DPXBHF8H/ref=sr_1_83?crid=BRIHOKR3DFIP&dib=eyJ2IjoiMSJ9.pkLRQkKuAhakCaHk8SQ0HIoShilO8YxKtU0ANNnCqrbPu5zjQk-aBSvfyevbmuu1vSChCZIibfi-5a9DtyxDwhT1c2pMhgeKYQF8sGRz79w8Da-3AtamhPbTXX8QFEYCFqVMZzZYB76gFGJ3H9YVNwHcvtxxgg9uhvhV85GcdqazwoxnXRfQ9dIuipXBApZEo3bxUDigtTW5IAyLkqRM3lv2VuF-O3vwlcX2-8ROE28.PKwalTzcORJSPN2pHnJQRlVYRYRuXpjZvbUyyTQf5Rc&dib_tag=se&keywords=laptop&qid=1762966237&sprefix=lap%2Caps%2C866&sr=8-83
235,"HP Smartchoice Victus, 13th Gen Intel Core i5-13420H, 4GB RTX 3050, 16GB DDR4(Upgradeable) 512GB SSD, 144Hz, 300nits, FHD, 15.6â€™â€™/39.6cm, Win11, Office24, Blue, 2.29kg, fa2190/fa2191tx Gaming Laptop","66,990",https://amazon.in//HP-Smartchoice-i5-13420H-Upgradeable-Office24/dp/B0F6CVT23B/ref=sr_1_84?crid=BRIHOKR3DFIP&dib=eyJ2IjoiMSJ9.pkLRQkKuAhakCaHk8SQ0HIoShilO8YxKtU0ANNnCqrbPu5zjQk-aBSvfyevbmuu1vSChCZIibfi-5a9DtyxDwhT1c2pMhgeKYQF8sGRz79w8Da-3AtamhPbTXX8QFEYCFqVMZzZYB76gFGJ3H9YVNwHcvtxxgg9uhvhV85GcdqazwoxnXRfQ9dIuipXBApZEo3bxUDigtTW5IAyLkqRM3lv2VuF-O3vwlcX2-8ROE28.PKwalTzcORJSPN2pHnJQRlVYRYRuXpjZvbUyyTQf5Rc&dib_tag=se&keywords=laptop&qid=1762966237&sprefix=lap%2Caps%2C866&sr=8-84
236,"HP 15 (2025) Intel Core i3 13th Gen 1315U - (16 GB/512 GB SSD/Windows 11) Thin and Light Business Laptop/15.6"" HD Display/Silver/1.5 kg","38,244",https://amazon.in//HP-Intel-Core-13th-1315U/dp/B0FFMFNVR1/ref=sr_1_85?crid=BRIHOKR3DFIP&dib=eyJ2IjoiMSJ9.pkLRQkKuAhakCaHk8SQ0HIoShilO8YxKtU0ANNnCqrbPu5zjQk-aBSvfyevbmuu1vSChCZIibfi-5a9DtyxDwhT1c2pMhgeKYQF8sGRz79w8Da-3AtamhPbTXX8QFEYCFqVMZzZYB76gFGJ3H9YVNwHcvtxxgg9uhvhV85GcdqazwoxnXRfQ9dIuipXBApZEo3bxUDigtTW5IAyLkqRM3lv2VuF-O3vwlcX2-8ROE28.PKwalTzcORJSPN2pHnJQRlVYRYRuXpjZvbUyyTQf5Rc&dib_tag=se&keywords=laptop&qid=1762966237&sprefix=lap%2Caps%2C866&sr=8-85
237,"HP 15, 13th Gen Intel Core i5-13420H, (16GB DDR4, 512GB SSD), FHD, Anti-Glare, Micro-Edge, 15.6''/39.6cm, Win11, M365 Basic(1yr)* Office24, Silver, 1.65kg, fr0028TU, Camera w/Shutter, Backlit Laptop","57,990",https://amazon.in//HP-i5-13420H-Anti-Glare-Micro-Edge-Office24/dp/B0FK2HHZBS/ref=sr_1_86?crid=BRIHOKR3DFIP&dib=eyJ2IjoiMSJ9.pkLRQkKuAhakCaHk8SQ0HIoShilO8YxKtU0ANNnCqrbPu5zjQk-aBSvfyevbmuu1vSChCZIibfi-5a9DtyxDwhT1c2pMhgeKYQF8sGRz79w8Da-3AtamhPbTXX8QFEYCFqVMZzZYB76gFGJ3H9YVNwHcvtxxgg9uhvhV85GcdqazwoxnXRfQ9dIuipXBApZEo3bxUDigtTW5IAyLkqRM3lv2VuF-O3vwlcX2-8ROE28.PKwalTzcORJSPN2pHnJQRlVYRYRuXpjZvbUyyTQf5Rc&dib_tag=se&keywords=laptop&qid=1762966237&sprefix=lap%2Caps%2C866&sr=8-86
238,"ASUS Vivobook Go 15, AMD Ryzen 3 7320U Thin & Light Laptop(AMD Radeon iGPU/8GB RAM/512GB SSD/FHD/15.6""/60Hz/Windows 11/M365 Basic (1Year)*/Office Home 2024/Mixed Black/1.63 Kg) E1504FA-NJ130WS","30,990",https://amazon.in//ASUS-Vivobook-Laptop-Windows-E1504FA-NJ130WS/dp/B0FB981B85/ref=sr_1_87?crid=BRIHOKR3DFIP&dib=eyJ2IjoiMSJ9.pkLRQkKuAhakCaHk8SQ0HIoShilO8YxKtU0ANNnCqrbPu5zjQk-aBSvfyevbmuu1vSChCZIibfi-5a9DtyxDwhT1c2pMhgeKYQF8sGRz79w8Da-3AtamhPbTXX8QFEYCFqVMZzZYB76gFGJ3H9YVNwHcvtxxgg9uhvhV85GcdqazwoxnXRfQ9dIuipXBApZEo3bxUDigtTW5IAyLkqRM3lv2VuF-O3vwlcX2-8ROE28.PKwalTzcORJSPN2pHnJQRlVYRYRuXpjZvbUyyTQf5Rc&dib_tag=se&keywords=laptop&qid=1762966237&sprefix=lap%2Caps%2C866&sr=8-87
239,"ASUS TUF Gaming A15, AMD Ryzen 7 7435HS Gaming Laptop(NVIDIA RTX 3050-4GB/60W TGP/16GB RAM/512GB SSD/FHD/15.6""/144Hz/RGB KB/48WHr/Windows 11//Graphite Black/2.30 Kg) FA506NCR-HN054W","67,990",https://amazon.in//ASUS-15-6-inch-GeForce-Graphite-FA506NCR-HN054W/dp/B0D5DFR78J/ref=sr_1_23?crid=BRIHOKR3DFIP&dib=eyJ2IjoiMSJ9.-pHuGMubnTtFejBeRwkv1C4crEoIRwv2OU-aWS3tnqXm7HdolD6Q19RHeZzkjdsGjtBWOyVTqKrsHD4uonBjNOprilriFE2Bl-gew3JQ8evR_k79vGGXZiX9kMZji4cJmbIHMP8ce4uWEliMe_-BwHBOjnFfzM1xclE5EzSJHOQ-ASGH2o5qTP77SrLucqtE7C-36zc2ykPLQjQ7wmE2hVsSAxYuQoYCTml-m61d_Os.ANsOfbTzTxfFEtfqwU1kjEJ59PKTss72wiCJiQ1dd5Q&dib_tag=se&keywords=laptop&qid=1762966204&sprefix=lap%2Caps%2C866&sr=8-23
240,"HP 15, 13th Gen Intel Core i7-1355U (16GB DDR4, 512GB SSD) FHD, Anti-Glare, 15.6â€™â€™/39.6cm, Win11, M365(1yr)* Office 24, Silver, 1.59kg, Iris Xe, FHD Camera w/Shutter, Backlit Laptop fd0468tu/fd0515tu","64,990",https://amazon.in//HP-i7-1355U-Anti-Glare-fd0468tu-fd0515tu/dp/B0DTTS34NW/ref=sr_1_88?crid=BRIHOKR3DFIP&dib=eyJ2IjoiMSJ9.pkLRQkKuAhakCaHk8SQ0HIoShilO8YxKtU0ANNnCqrbPu5zjQk-aBSvfyevbmuu1vSChCZIibfi-5a9DtyxDwhT1c2pMhgeKYQF8sGRz79w8Da-3AtamhPbTXX8QFEYCFqVMZzZYB76gFGJ3H9YVNwHcvtxxgg9uhvhV85GcdqazwoxnXRfQ9dIuipXBApZEo3bxUDigtTW5IAyLkqRM3lv2VuF-O3vwlcX2-8ROE28.PKwalTzcORJSPN2pHnJQRlVYRYRuXpjZvbUyyTQf5Rc&dib_tag=se&keywords=laptop&qid=1762966237&sprefix=lap%2Caps%2C866&sr=8-88
241,"HP 15, AMD Ryzen 5 7430U (16GB DDR4, 512GB SSD) FHD, Anti-Glare, Micro-Edge,15.6''/39.6cm, Win11, M365 Basic(1yr)* Office24, Silver,1.59kg, fc0389AU, AMD Radeon, FHD Camera w/Shutter, Backlit Laptop","42,990",https://amazon.in//HP-Anti-Glare-Micro-Edge-Office24-fc0389AU/dp/B0DVLPPPRN/ref=sr_1_89?crid=BRIHOKR3DFIP&dib=eyJ2IjoiMSJ9.pkLRQkKuAhakCaHk8SQ0HIoShilO8YxKtU0ANNnCqrbPu5zjQk-aBSvfyevbmuu1vSChCZIibfi-5a9DtyxDwhT1c2pMhgeKYQF8sGRz79w8Da-3AtamhPbTXX8QFEYCFqVMZzZYB76gFGJ3H9YVNwHcvtxxgg9uhvhV85GcdqazwoxnXRfQ9dIuipXBApZEo3bxUDigtTW5IAyLkqRM3lv2VuF-O3vwlcX2-8ROE28.PKwalTzcORJSPN2pHnJQRlVYRYRuXpjZvbUyyTQf5Rc&dib_tag=se&keywords=laptop&qid=1762966237&sprefix=lap%2Caps%2C866&sr=8-89
242,"Dyazo Water Resistant Laptop Sleeve/Laptop case/laptop cover with Handle Compatible for 15 Inch to 15.6"" Inches laptops & Notebooks - Grey",299,https://amazon.in//Dyazo-Resistant-Compatible-laptops-Notebooks/dp/B09BFV96TS/ref=sr_1_90?crid=BRIHOKR3DFIP&dib=eyJ2IjoiMSJ9.pkLRQkKuAhakCaHk8SQ0HIoShilO8YxKtU0ANNnCqrbPu5zjQk-aBSvfyevbmuu1vSChCZIibfi-5a9DtyxDwhT1c2pMhgeKYQF8sGRz79w8Da-3AtamhPbTXX8QFEYCFqVMZzZYB76gFGJ3H9YVNwHcvtxxgg9uhvhV85GcdqazwoxnXRfQ9dIuipXBApZEo3bxUDigtTW5IAyLkqRM3lv2VuF-O3vwlcX2-8ROE28.PKwalTzcORJSPN2pHnJQRlVYRYRuXpjZvbUyyTQf5Rc&dib_tag=se&keywords=laptop&qid=1762966237&sprefix=lap%2Caps%2C866&sr=8-90
243,"Lenovo IdeaPad Slim 3 13th Gen Intel Core i5-13420H 15.3 inch (38.8cm) WUXGA IPS Laptop (24GB RAM/1TB SSD/Windows 11/Office Home 2024/Backlit Keyboard/1Yr ADP Free/Grey/1.6Kg), 83K100PLIN","62,890",https://amazon.in//Lenovo-IdeaPad-i5-13420H-Keyboard-83K100PLIN/dp/B0FCY7BTCX/ref=sr_1_91?crid=BRIHOKR3DFIP&dib=eyJ2IjoiMSJ9.pkLRQkKuAhakCaHk8SQ0HIoShilO8YxKtU0ANNnCqrbPu5zjQk-aBSvfyevbmuu1vSChCZIibfi-5a9DtyxDwhT1c2pMhgeKYQF8sGRz79w8Da-3AtamhPbTXX8QFEYCFqVMZzZYB76gFGJ3H9YVNwHcvtxxgg9uhvhV85GcdqazwoxnXRfQ9dIuipXBApZEo3bxUDigtTW5IAyLkqRM3lv2VuF-O3vwlcX2-8ROE28.PKwalTzcORJSPN2pHnJQRlVYRYRuXpjZvbUyyTQf5Rc&dib_tag=se&keywords=laptop&qid=1762966237&sprefix=lap%2Caps%2C866&sr=8-91
244,"HP (4 GB/128 GB SSD/DOS NO Windows) 15.6"" HD Black","23,910",https://amazon.in//HP-128-Windows-15-6-Black/dp/B0FKM37XT7/ref=sr_1_92?crid=BRIHOKR3DFIP&dib=eyJ2IjoiMSJ9.pkLRQkKuAhakCaHk8SQ0HIoShilO8YxKtU0ANNnCqrbPu5zjQk-aBSvfyevbmuu1vSChCZIibfi-5a9DtyxDwhT1c2pMhgeKYQF8sGRz79w8Da-3AtamhPbTXX8QFEYCFqVMZzZYB76gFGJ3H9YVNwHcvtxxgg9uhvhV85GcdqazwoxnXRfQ9dIuipXBApZEo3bxUDigtTW5IAyLkqRM3lv2VuF-O3vwlcX2-8ROE28.PKwalTzcORJSPN2pHnJQRlVYRYRuXpjZvbUyyTQf5Rc&dib_tag=se&keywords=laptop&qid=1762966237&sprefix=lap%2Caps%2C866&sr=8-92
245,"Lenovo IdeaPad Slim 3, Intel Core i5-12450H, 12th Gen, 16GB RAM, 512GB SSD, FHD IPS, 15.6""/39.6cm, Windows 11, MSOffice 21, Grey, 1.6Kg, 83ER008DIN, Intel UHD Graphics, Backlit KB,1 Yr ADP Free Laptop","46,990",https://amazon.in//Lenovo-IdeaPad-i5-12450H-Warranty-83ER008DIN/dp/B0CNVH114V/ref=sr_1_93?crid=BRIHOKR3DFIP&dib=eyJ2IjoiMSJ9.pkLRQkKuAhakCaHk8SQ0HIoShilO8YxKtU0ANNnCqrbPu5zjQk-aBSvfyevbmuu1vSChCZIibfi-5a9DtyxDwhT1c2pMhgeKYQF8sGRz79w8Da-3AtamhPbTXX8QFEYCFqVMZzZYB76gFGJ3H9YVNwHcvtxxgg9uhvhV85GcdqazwoxnXRfQ9dIuipXBApZEo3bxUDigtTW5IAyLkqRM3lv2VuF-O3vwlcX2-8ROE28.PKwalTzcORJSPN2pHnJQRlVYRYRuXpjZvbUyyTQf5Rc&dib_tag=se&keywords=laptop&qid=1762966237&sprefix=lap%2Caps%2C866&sr=8-93
246,"Lenovo IdeaPad 1 Intel Celeron N4500, 8GB RAM, 512GB SSD, HD 15.6""(39.6cm), Windows 11, Grey, 1.55Kg, 82LX00F7IN, 3 Month Game Pass Laptop","26,459",https://amazon.in//Lenovo-IdeaPad-Celeron-Windows-82LX00F7IN/dp/B0F8QDP5MK/ref=sr_1_94?crid=BRIHOKR3DFIP&dib=eyJ2IjoiMSJ9.pkLRQkKuAhakCaHk8SQ0HIoShilO8YxKtU0ANNnCqrbPu5zjQk-aBSvfyevbmuu1vSChCZIibfi-5a9DtyxDwhT1c2pMhgeKYQF8sGRz79w8Da-3AtamhPbTXX8QFEYCFqVMZzZYB76gFGJ3H9YVNwHcvtxxgg9uhvhV85GcdqazwoxnXRfQ9dIuipXBApZEo3bxUDigtTW5IAyLkqRM3lv2VuF-O3vwlcX2-8ROE28.PKwalTzcORJSPN2pHnJQRlVYRYRuXpjZvbUyyTQf5Rc&dib_tag=se&keywords=laptop&qid=1762966237&sprefix=lap%2Caps%2C866&sr=8-94
247,"Acer Aspire 3 Intel Core i3-1305U Processor Laptop with 35.56 cm (14"") Full HD LED-Backlit IPS Display (16 GB RAM/512 GB SSD/WiFi 6/Intel Graphics/Win11 Home/65W) A324-53, Steel Gray, 1.45KG","32,990",https://amazon.in//Acer-i3-1305U-Processor-LED-Backlit-A324-53/dp/B0DMFBS37T/ref=sr_1_95?crid=BRIHOKR3DFIP&dib=eyJ2IjoiMSJ9.pkLRQkKuAhakCaHk8SQ0HIoShilO8YxKtU0ANNnCqrbPu5zjQk-aBSvfyevbmuu1vSChCZIibfi-5a9DtyxDwhT1c2pMhgeKYQF8sGRz79w8Da-3AtamhPbTXX8QFEYCFqVMZzZYB76gFGJ3H9YVNwHcvtxxgg9uhvhV85GcdqazwoxnXRfQ9dIuipXBApZEo3bxUDigtTW5IAyLkqRM3lv2VuF-O3vwlcX2-8ROE28.PKwalTzcORJSPN2pHnJQRlVYRYRuXpjZvbUyyTQf5Rc&dib_tag=se&keywords=laptop&qid=1762966237&sprefix=lap%2Caps%2C866&sr=8-95
248,"Lenovo V15 AMD Ryzen 7 7730U 15.6"" (39.62cm) FHD 250 Nits Antiglare Thin and Light Laptop (16GB/512GB SSD/Windows 11/Iron Grey/1.65 Kg) Grey","42,490",https://amazon.in//Lenovo-Ryzen-39-62cm-Antiglare-Laptop/dp/B0D39BVJ7Y/ref=sr_1_96?crid=BRIHOKR3DFIP&dib=eyJ2IjoiMSJ9.pkLRQkKuAhakCaHk8SQ0HIoShilO8YxKtU0ANNnCqrbPu5zjQk-aBSvfyevbmuu1vSChCZIibfi-5a9DtyxDwhT1c2pMhgeKYQF8sGRz79w8Da-3AtamhPbTXX8QFEYCFqVMZzZYB76gFGJ3H9YVNwHcvtxxgg9uhvhV85GcdqazwoxnXRfQ9dIuipXBApZEo3bxUDigtTW5IAyLkqRM3lv2VuF-O3vwlcX2-8ROE28.PKwalTzcORJSPN2pHnJQRlVYRYRuXpjZvbUyyTQf5Rc&dib_tag=se&keywords=laptop&qid=1762966237&sprefix=lap%2Caps%2C866&sr=8-96
249,"Lenovo V15 AMD Ryzen 7 7730U 15.6"" (39.62cm) FHD 250 Nits Antiglare Thin and Light Laptop (16GB/512GB SSD/Windows 11/Iron Grey/1.65 Kg) Grey","42,490",https://amazon.in//Lenovo-Ryzen-39-62cm-Antiglare-Laptop/dp/B0D39BVJ7Y/ref=sr_1_97?crid=BRIHOKR3DFIP&dib=eyJ2IjoiMSJ9.c8qcH8wNd2mOnBqZeN4xF-Ushrehv1pbKX3zUcz30rcNWmdKWuvpD3kGhS4FlfH6kgMWbdZ0NsNDhvNPP-u073Ecw0lZLvIoKIZNa3i1DOAlowQYS-weEs6IVLPwxhl7IK9rwU8Yeufcm8gMLZlWOIOlBixPsui6eABdgLMjJ4c1SkJ59dNTZWKfnenC69H8lpiFQmyUpXYC-TvyO_WuyIIt3582dS4Qedb0xKP5uj0.2lBfzGZntAd63d4WmiKxaQQOmqTGWbNLtUOiXGxru6s&dib_tag=se&keywords=laptop&qid=1762966247&sprefix=lap%2Caps%2C866&sr=8-97
250,"Acer One 11 Intel Celeron N4500 (Windows 11 Home/ 8 GB/ 256 GB SSD) 29.64 cm (11.6"") Anti Glare HD Laptop, Z8-284, 1.1 KG, Deep Blue","19,999",https://amazon.in//Acer-Celeron-Windows-Laptop-Z8-284/dp/B0CHRNQBCR/ref=sr_1_24?crid=BRIHOKR3DFIP&dib=eyJ2IjoiMSJ9.-pHuGMubnTtFejBeRwkv1C4crEoIRwv2OU-aWS3tnqXm7HdolD6Q19RHeZzkjdsGjtBWOyVTqKrsHD4uonBjNOprilriFE2Bl-gew3JQ8evR_k79vGGXZiX9kMZji4cJmbIHMP8ce4uWEliMe_-BwHBOjnFfzM1xclE5EzSJHOQ-ASGH2o5qTP77SrLucqtE7C-36zc2ykPLQjQ7wmE2hVsSAxYuQoYCTml-m61d_Os.ANsOfbTzTxfFEtfqwU1kjEJ59PKTss72wiCJiQ1dd5Q&dib_tag=se&keywords=laptop&qid=1762966204&sprefix=lap%2Caps%2C866&sr=8-24
251,HP 245 AMD R5 8GB 512GB DOS 14-inch 1.36kg,"25,843",https://amazon.in//HP-Notebook-14-inch-Anti-Glare-Graphics/dp/B0DV9GVK15/ref=sr_1_98?crid=BRIHOKR3DFIP&dib=eyJ2IjoiMSJ9.c8qcH8wNd2mOnBqZeN4xF-Ushrehv1pbKX3zUcz30rcNWmdKWuvpD3kGhS4FlfH6kgMWbdZ0NsNDhvNPP-u073Ecw0lZLvIoKIZNa3i1DOAlowQYS-weEs6IVLPwxhl7IK9rwU8Yeufcm8gMLZlWOIOlBixPsui6eABdgLMjJ4c1SkJ59dNTZWKfnenC69H8lpiFQmyUpXYC-TvyO_WuyIIt3582dS4Qedb0xKP5uj0.2lBfzGZntAd63d4WmiKxaQQOmqTGWbNLtUOiXGxru6s&dib_tag=se&keywords=laptop&qid=1762966247&sprefix=lap%2Caps%2C866&sr=8-98
252,"ASUS Vivobook 16, Intel Core i5-12500H, 16GB RAM, 512GB SSD, FHD+ 60Hz 300Nits, 16"", Windows 11, MS Office Home, Transparent Silver, 1.88KG, X1605ZAC-MB541WS, Fingerprint, 42Whr Battery Laptop","51,990",https://amazon.in//ASUS-i5-12500H-Fingerprint-Transparent-X1605ZAC-MB541WS/dp/B0DGLCTZXX/ref=sr_1_99?crid=BRIHOKR3DFIP&dib=eyJ2IjoiMSJ9.c8qcH8wNd2mOnBqZeN4xF-Ushrehv1pbKX3zUcz30rcNWmdKWuvpD3kGhS4FlfH6kgMWbdZ0NsNDhvNPP-u073Ecw0lZLvIoKIZNa3i1DOAlowQYS-weEs6IVLPwxhl7IK9rwU8Yeufcm8gMLZlWOIOlBixPsui6eABdgLMjJ4c1SkJ59dNTZWKfnenC69H8lpiFQmyUpXYC-TvyO_WuyIIt3582dS4Qedb0xKP5uj0.2lBfzGZntAd63d4WmiKxaQQOmqTGWbNLtUOiXGxru6s&dib_tag=se&keywords=laptop&qid=1762966247&sprefix=lap%2Caps%2C866&sr=8-99
253,"acer SmartChoice ALG, 13th Gen Intel Core i5-13420H, NVIDIA GeForce RTX 3050-6GB DDR6, 16GB RAM, 512GB SSD, FHD 15.6""/39.62 cm, 144Hz, Windows 11 Home, Steel Gray, 1.99 KG, AL15G-53,Gaming Laptop","61,400",https://amazon.in//SmartChoice-i5-13420H-GeForce-3050-6GB-AL15G-53/dp/B0DXVGVNKN/ref=sr_1_100?crid=BRIHOKR3DFIP&dib=eyJ2IjoiMSJ9.c8qcH8wNd2mOnBqZeN4xF-Ushrehv1pbKX3zUcz30rcNWmdKWuvpD3kGhS4FlfH6kgMWbdZ0NsNDhvNPP-u073Ecw0lZLvIoKIZNa3i1DOAlowQYS-weEs6IVLPwxhl7IK9rwU8Yeufcm8gMLZlWOIOlBixPsui6eABdgLMjJ4c1SkJ59dNTZWKfnenC69H8lpiFQmyUpXYC-TvyO_WuyIIt3582dS4Qedb0xKP5uj0.2lBfzGZntAd63d4WmiKxaQQOmqTGWbNLtUOiXGxru6s&dib_tag=se&keywords=laptop&qid=1762966247&sprefix=lap%2Caps%2C866&sr=8-100
254,"Lenovo 15 (2025), AMD Ryzen 5 7520U Quad Core - (16 GB/512 GB SSD/AMD Radeon 610M Graphics/Windows 11 Home) Thin and Light Business Laptop/15.6"" FHD Display/Arctic Grey/1.6 kg/MS Office 2021","37,990",https://amazon.in//Lenovo-15-Ryzen-7520U-Quad/dp/B0FG8GGV6S/ref=sr_1_101?crid=BRIHOKR3DFIP&dib=eyJ2IjoiMSJ9.c8qcH8wNd2mOnBqZeN4xF-Ushrehv1pbKX3zUcz30rcNWmdKWuvpD3kGhS4FlfH6kgMWbdZ0NsNDhvNPP-u073Ecw0lZLvIoKIZNa3i1DOAlowQYS-weEs6IVLPwxhl7IK9rwU8Yeufcm8gMLZlWOIOlBixPsui6eABdgLMjJ4c1SkJ59dNTZWKfnenC69H8lpiFQmyUpXYC-TvyO_WuyIIt3582dS4Qedb0xKP5uj0.2lBfzGZntAd63d4WmiKxaQQOmqTGWbNLtUOiXGxru6s&dib_tag=se&keywords=laptop&qid=1762966247&sprefix=lap%2Caps%2C866&sr=8-101
255,"HP 15, 13th Gen Intel Core i5-1335U (16GB DDR4, 1TB SSD) FHD, Anti-Glare, Micro-Edge, 15.6''/39.6cm, Win11, M365(1yr)* Office24, Silver, 1.59kg, FD0552TU, Iris Xe, FHD Camera w/Shutter, Backlit Laptop","58,990",https://amazon.in//HP-i5-1334U-Anti-Glare-Micro-Edge-FD0552TU/dp/B0F671GG5M/ref=sr_1_102?crid=BRIHOKR3DFIP&dib=eyJ2IjoiMSJ9.c8qcH8wNd2mOnBqZeN4xF-Ushrehv1pbKX3zUcz30rcNWmdKWuvpD3kGhS4FlfH6kgMWbdZ0NsNDhvNPP-u073Ecw0lZLvIoKIZNa3i1DOAlowQYS-weEs6IVLPwxhl7IK9rwU8Yeufcm8gMLZlWOIOlBixPsui6eABdgLMjJ4c1SkJ59dNTZWKfnenC69H8lpiFQmyUpXYC-TvyO_WuyIIt3582dS4Qedb0xKP5uj0.2lBfzGZntAd63d4WmiKxaQQOmqTGWbNLtUOiXGxru6s&dib_tag=se&keywords=laptop&qid=1762966247&sprefix=lap%2Caps%2C866&sr=8-102
256,"ASUS Vivobook 16X,Smartchoice,Intel Core i7-13620H,Creator/Gaming Laptop(RTX 3050-4GB/16GB RAM/512GB SSD/FHD+/16""/144Hz/M365 Basic (1Year)*/Office Home 2024/Cool Silver/1.8 Kg) K3605VC-RP492WS","77,990",https://amazon.in//ASUS-Vivobook-Smartchoice-i7-13620H-K3605VC-RP492WS/dp/B0FGJCV37Y/ref=sr_1_103?crid=BRIHOKR3DFIP&dib=eyJ2IjoiMSJ9.c8qcH8wNd2mOnBqZeN4xF-Ushrehv1pbKX3zUcz30rcNWmdKWuvpD3kGhS4FlfH6kgMWbdZ0NsNDhvNPP-u073Ecw0lZLvIoKIZNa3i1DOAlowQYS-weEs6IVLPwxhl7IK9rwU8Yeufcm8gMLZlWOIOlBixPsui6eABdgLMjJ4c1SkJ59dNTZWKfnenC69H8lpiFQmyUpXYC-TvyO_WuyIIt3582dS4Qedb0xKP5uj0.2lBfzGZntAd63d4WmiKxaQQOmqTGWbNLtUOiXGxru6s&dib_tag=se&keywords=laptop&qid=1762966247&sprefix=lap%2Caps%2C866&sr=8-103
257,"Dell Vostro, Intel Core i3 13th Gen - 1305U, 16GB DDR4 RAM, 512GB, FHD 15.6""/39.6 cm, Windows 11, Office H&S 2024, Carbon Grey, 1.66Kg, 120Hz 250 nits Narrow Border Display, Intel UHD Graphics Laptop","40,990",https://amazon.in//Dell-Vostro-Intel-Core-13th/dp/B0FG2RJ9NC/ref=sr_1_104?crid=BRIHOKR3DFIP&dib=eyJ2IjoiMSJ9.c8qcH8wNd2mOnBqZeN4xF-Ushrehv1pbKX3zUcz30rcNWmdKWuvpD3kGhS4FlfH6kgMWbdZ0NsNDhvNPP-u073Ecw0lZLvIoKIZNa3i1DOAlowQYS-weEs6IVLPwxhl7IK9rwU8Yeufcm8gMLZlWOIOlBixPsui6eABdgLMjJ4c1SkJ59dNTZWKfnenC69H8lpiFQmyUpXYC-TvyO_WuyIIt3582dS4Qedb0xKP5uj0.2lBfzGZntAd63d4WmiKxaQQOmqTGWbNLtUOiXGxru6s&dib_tag=se&keywords=laptop&qid=1762966247&sprefix=lap%2Caps%2C866&sr=8-104
258,"HP 15, 13th Gen Intel Core i5-1334U (16GB DDR4, 512GB SSD) Anti-Glare, Micro-Edge, 15.6''/39.6cm, FHD, Win 11, Office 24, Silver, 1.59kg, fd0467tu, Iris Xe Graphics, FHD Camera, Backlit KB Laptop","54,990",https://amazon.in//HP-i5-1334U-Microsoft-Graphics-fd0467tu/dp/B0DTK9DZB4/ref=sr_1_105?crid=BRIHOKR3DFIP&dib=eyJ2IjoiMSJ9.c8qcH8wNd2mOnBqZeN4xF-Ushrehv1pbKX3zUcz30rcNWmdKWuvpD3kGhS4FlfH6kgMWbdZ0NsNDhvNPP-u073Ecw0lZLvIoKIZNa3i1DOAlowQYS-weEs6IVLPwxhl7IK9rwU8Yeufcm8gMLZlWOIOlBixPsui6eABdgLMjJ4c1SkJ59dNTZWKfnenC69H8lpiFQmyUpXYC-TvyO_WuyIIt3582dS4Qedb0xKP5uj0.2lBfzGZntAd63d4WmiKxaQQOmqTGWbNLtUOiXGxru6s&dib_tag=se&keywords=laptop&qid=1762966247&sprefix=lap%2Caps%2C866&sr=8-105
259,"Lenovo 14 (2025), Intel Core i5 13th Gen 13420H - (16 GB/512 GB SSD/Intel UHD Graphics/Windows 11 Home) Thin and Light Business Laptop/14.0"" FHD Display/Iron Grey/1.4 kg/Microsoft Office 2021","45,990",https://amazon.in//Lenovo-14-Intel-Core-13420H/dp/B0FRYKL1S5/ref=sr_1_106?crid=BRIHOKR3DFIP&dib=eyJ2IjoiMSJ9.c8qcH8wNd2mOnBqZeN4xF-Ushrehv1pbKX3zUcz30rcNWmdKWuvpD3kGhS4FlfH6kgMWbdZ0NsNDhvNPP-u073Ecw0lZLvIoKIZNa3i1DOAlowQYS-weEs6IVLPwxhl7IK9rwU8Yeufcm8gMLZlWOIOlBixPsui6eABdgLMjJ4c1SkJ59dNTZWKfnenC69H8lpiFQmyUpXYC-TvyO_WuyIIt3582dS4Qedb0xKP5uj0.2lBfzGZntAd63d4WmiKxaQQOmqTGWbNLtUOiXGxru6s&dib_tag=se&keywords=laptop&qid=1762966247&sprefix=lap%2Caps%2C866&sr=8-106
260,"Lenovo Tab Plus with Octa JBL Hi-Fi Speakers| 8 GB RAM, 128 GB ROM| 11.5 Inch, 2K, 90 Hz Refresh| Wi-Fi Tablet| Android 14| 45 W Fast Charger| Built-in Kickstand| Color: Luna Grey","18,998",https://amazon.in//Lenovo-Speakers-Refresh-Android-Kickstand/dp/B0D6G4CVZ7/ref=sr_1_107?crid=BRIHOKR3DFIP&dib=eyJ2IjoiMSJ9.c8qcH8wNd2mOnBqZeN4xF-Ushrehv1pbKX3zUcz30rcNWmdKWuvpD3kGhS4FlfH6kgMWbdZ0NsNDhvNPP-u073Ecw0lZLvIoKIZNa3i1DOAlowQYS-weEs6IVLPwxhl7IK9rwU8Yeufcm8gMLZlWOIOlBixPsui6eABdgLMjJ4c1SkJ59dNTZWKfnenC69H8lpiFQmyUpXYC-TvyO_WuyIIt3582dS4Qedb0xKP5uj0.2lBfzGZntAd63d4WmiKxaQQOmqTGWbNLtUOiXGxru6s&dib_tag=se&keywords=laptop&qid=1762966247&sprefix=lap%2Caps%2C866&sr=8-107
261,Ultimus APEX Pro Intel Pentium Quad Core Laptop 4GB RAM 128GB eMMC SSD Expandable~512GB Ultra Thin Bezel 180Â° Hinge 2.0x1 3.0x1 USB HDMI SD Card Slot Dual Speaker Win11 Home Space Gray 1.2Kg,"11,990",https://amazon.in//Ultimus-Pentium-Laptop-Expandable-512GB-Speaker/dp/B0FKLYPDLQ/ref=sr_1_25?crid=BRIHOKR3DFIP&dib=eyJ2IjoiMSJ9.-pHuGMubnTtFejBeRwkv1C4crEoIRwv2OU-aWS3tnqXm7HdolD6Q19RHeZzkjdsGjtBWOyVTqKrsHD4uonBjNOprilriFE2Bl-gew3JQ8evR_k79vGGXZiX9kMZji4cJmbIHMP8ce4uWEliMe_-BwHBOjnFfzM1xclE5EzSJHOQ-ASGH2o5qTP77SrLucqtE7C-36zc2ykPLQjQ7wmE2hVsSAxYuQoYCTml-m61d_Os.ANsOfbTzTxfFEtfqwU1kjEJ59PKTss72wiCJiQ1dd5Q&dib_tag=se&keywords=laptop&qid=1762966204&sprefix=lap%2Caps%2C866&sr=8-25
262,"ASUS Vivobook Go 14, AMD Ryzen 3 7320U, 8GB RAM, 512GB SSD, FHD 14"", Windows 11, Office Home 2024, Mixed Black, 1.38 kg, E1404FA-NK3325WS, AMD Radeon iGPU, M365 Basic (1Year)*, Thin & Light Laptop","32,018",https://amazon.in//ASUS-Vivobook-Radeon-Windows-E1404FA-NK3325WS/dp/B0DTYNRVRX/ref=sr_1_108?crid=BRIHOKR3DFIP&dib=eyJ2IjoiMSJ9.c8qcH8wNd2mOnBqZeN4xF-Ushrehv1pbKX3zUcz30rcNWmdKWuvpD3kGhS4FlfH6kgMWbdZ0NsNDhvNPP-u073Ecw0lZLvIoKIZNa3i1DOAlowQYS-weEs6IVLPwxhl7IK9rwU8Yeufcm8gMLZlWOIOlBixPsui6eABdgLMjJ4c1SkJ59dNTZWKfnenC69H8lpiFQmyUpXYC-TvyO_WuyIIt3582dS4Qedb0xKP5uj0.2lBfzGZntAd63d4WmiKxaQQOmqTGWbNLtUOiXGxru6s&dib_tag=se&keywords=laptop&qid=1762966247&sprefix=lap%2Caps%2C866&sr=8-108
263,"Lenovo V14 G3, 12th Gen Intel Core i7-1255U Upto 4.70Ghz (16GB RAM/512GB SSD/Windows 11) 14.0"" FHD Display Thin and Light Laptop/Iron Grey /1.70 kg 1 Year Onsite Brand Warranty","54,250",https://amazon.in//Lenovo-i7-1255U-4-70Ghz-Windows-Warranty/dp/B0F32ZBDNJ/ref=sr_1_109?crid=BRIHOKR3DFIP&dib=eyJ2IjoiMSJ9.c8qcH8wNd2mOnBqZeN4xF-Ushrehv1pbKX3zUcz30rcNWmdKWuvpD3kGhS4FlfH6kgMWbdZ0NsNDhvNPP-u073Ecw0lZLvIoKIZNa3i1DOAlowQYS-weEs6IVLPwxhl7IK9rwU8Yeufcm8gMLZlWOIOlBixPsui6eABdgLMjJ4c1SkJ59dNTZWKfnenC69H8lpiFQmyUpXYC-TvyO_WuyIIt3582dS4Qedb0xKP5uj0.2lBfzGZntAd63d4WmiKxaQQOmqTGWbNLtUOiXGxru6s&dib_tag=se&keywords=laptop&qid=1762966247&sprefix=lap%2Caps%2C866&sr=8-109
264,"Lenovo ThinkBook 16 AMD Ryzen 7 7735HS (16GB RAM/512GB SSD/Windows 11 Home/Backlit Keyboard/Fingerprint) 16"" WUXGA IPS 300 Nits Thin & Light Laptop/1Y Warranty/Aluminium Top/1.7kg, 21MWA0AUIN","47,966",https://amazon.in//Lenovo-ThinkBook-Fingerprint-Aluminium-21MWA0AUIN/dp/B0FD8TSZQC/ref=sr_1_110?crid=BRIHOKR3DFIP&dib=eyJ2IjoiMSJ9.c8qcH8wNd2mOnBqZeN4xF-Ushrehv1pbKX3zUcz30rcNWmdKWuvpD3kGhS4FlfH6kgMWbdZ0NsNDhvNPP-u073Ecw0lZLvIoKIZNa3i1DOAlowQYS-weEs6IVLPwxhl7IK9rwU8Yeufcm8gMLZlWOIOlBixPsui6eABdgLMjJ4c1SkJ59dNTZWKfnenC69H8lpiFQmyUpXYC-TvyO_WuyIIt3582dS4Qedb0xKP5uj0.2lBfzGZntAd63d4WmiKxaQQOmqTGWbNLtUOiXGxru6s&dib_tag=se&keywords=laptop&qid=1762966247&sprefix=lap%2Caps%2C866&sr=8-110
265,"Lenovo LOQ, AMD Ryzen 5 7235HS, NVIDIA RTX 3050A 4GB, 12GB RAM, 512GB SSD, 15.6""(39.6cm), 144Hz, Windows 11, Office Home 2024, Grey, 2.4Kg, 83JC00HNIN, 3 Mon. Game Pass Gaming Laptop","63,990",https://amazon.in//Lenovo-7235HS-NVIDIA-Windows-83JC00HNIN/dp/B0F832WDMW/ref=sr_1_111?crid=BRIHOKR3DFIP&dib=eyJ2IjoiMSJ9.c8qcH8wNd2mOnBqZeN4xF-Ushrehv1pbKX3zUcz30rcNWmdKWuvpD3kGhS4FlfH6kgMWbdZ0NsNDhvNPP-u073Ecw0lZLvIoKIZNa3i1DOAlowQYS-weEs6IVLPwxhl7IK9rwU8Yeufcm8gMLZlWOIOlBixPsui6eABdgLMjJ4c1SkJ59dNTZWKfnenC69H8lpiFQmyUpXYC-TvyO_WuyIIt3582dS4Qedb0xKP5uj0.2lBfzGZntAd63d4WmiKxaQQOmqTGWbNLtUOiXGxru6s&dib_tag=se&keywords=laptop&qid=1762966247&sprefix=lap%2Caps%2C866&sr=8-111
266,"Primebook 2 Pro 2025 (New Launch) | 8GB RAM, 128GB UFS Storage | 14.1-Inch FHD IPS Display | 14 Hours Battery | MediaTek Helio G99 | Android 15 (PrimeOS 3.0) | Backlit Keyboard | in-Built AI (Gray)","18,990",https://amazon.in//Primebook-Storage-14-1-Inch-MediaTek-Keyboard/dp/B0FFM8M9B5/ref=sr_1_112?crid=BRIHOKR3DFIP&dib=eyJ2IjoiMSJ9.c8qcH8wNd2mOnBqZeN4xF-Ushrehv1pbKX3zUcz30rcNWmdKWuvpD3kGhS4FlfH6kgMWbdZ0NsNDhvNPP-u073Ecw0lZLvIoKIZNa3i1DOAlowQYS-weEs6IVLPwxhl7IK9rwU8Yeufcm8gMLZlWOIOlBixPsui6eABdgLMjJ4c1SkJ59dNTZWKfnenC69H8lpiFQmyUpXYC-TvyO_WuyIIt3582dS4Qedb0xKP5uj0.2lBfzGZntAd63d4WmiKxaQQOmqTGWbNLtUOiXGxru6s&dib_tag=se&keywords=laptop&qid=1762966247&sprefix=lap%2Caps%2C866&sr=8-112
267,"Acer Aspire 3, 13th Gen Intel Core i5-1334U,Intel UHD Graphics, 16GB RAM, 1TB SSD, 14""/35.56cm IPS FHD LED-Backlit, Windows 11 Home, Steel Gray, 1.45KG, A324-53, WiFi 6, Backlit Keyboard, Laptop","45,990",https://amazon.in//Acer-Processor-LED-Backlit-Win11Home-A324-51/dp/B0DB5X7V65/ref=sr_1_113?crid=BRIHOKR3DFIP&dib=eyJ2IjoiMSJ9.f3Z6J48oYWTu16dqgoOT4nl2nHeEGUP9apeq2NtUss1-uCO5roBxhtLx7djmAELGkvSifwBBq-OayNzYyBSB2dqt38c0Yo3IrifSrgIHNbJo788xBVSOFaNEfg3BCgq2c-pMMp57s3f_NwBbfPB-0UXXNrGxb2JQicc-aZ4pwD06u6ihqLzhAMJxKFhETKSWxVLcRb9copQ_2Z0-P9vxWuJlbVXUzanFlUSSRrcb9kA.qygJ5vygXwHy-L_H-JS-sLZcbIKfdYfZIcGThPW8fDg&dib_tag=se&keywords=laptop&qid=1762966254&sprefix=lap%2Caps%2C866&sr=8-113
268,"Acer Chromebook, Intel Celeron N4500, 8GB RAM, 128GB eMMC, Full HD LED Backlit TFT LCD 15.6""/39.6 cm, Chrome OS, Silver, 1.6 KG, CB315-4H, Intel Graphics, WiFi 6 Laptop","22,990",https://amazon.in//Chromebook-CB315-4H-Celeron-Premium-Advanced/dp/B0DH4M1MJ3/ref=sr_1_114?crid=BRIHOKR3DFIP&dib=eyJ2IjoiMSJ9.f3Z6J48oYWTu16dqgoOT4nl2nHeEGUP9apeq2NtUss1-uCO5roBxhtLx7djmAELGkvSifwBBq-OayNzYyBSB2dqt38c0Yo3IrifSrgIHNbJo788xBVSOFaNEfg3BCgq2c-pMMp57s3f_NwBbfPB-0UXXNrGxb2JQicc-aZ4pwD06u6ihqLzhAMJxKFhETKSWxVLcRb9copQ_2Z0-P9vxWuJlbVXUzanFlUSSRrcb9kA.qygJ5vygXwHy-L_H-JS-sLZcbIKfdYfZIcGThPW8fDg&dib_tag=se&keywords=laptop&qid=1762966254&sprefix=lap%2Caps%2C866&sr=8-114
269,"ASUS Vivobook Go 14, AMD Ryzen 5 7520U, 16GB RAM, 512GB SSD, FHD 14"", Windows 11, Office Home 2024, Black, 1.38kg, E1404FA-NK5542WS, AMD Radeon iGPU, 42WHrs, M365 Basic (1Year)* Laptop","41,990",https://amazon.in//ASUS-Vivobook-Laptop-Windows-E1404FA-NK5542WS/dp/B0DTY1C216/ref=sr_1_115?crid=BRIHOKR3DFIP&dib=eyJ2IjoiMSJ9.f3Z6J48oYWTu16dqgoOT4nl2nHeEGUP9apeq2NtUss1-uCO5roBxhtLx7djmAELGkvSifwBBq-OayNzYyBSB2dqt38c0Yo3IrifSrgIHNbJo788xBVSOFaNEfg3BCgq2c-pMMp57s3f_NwBbfPB-0UXXNrGxb2JQicc-aZ4pwD06u6ihqLzhAMJxKFhETKSWxVLcRb9copQ_2Z0-P9vxWuJlbVXUzanFlUSSRrcb9kA.qygJ5vygXwHy-L_H-JS-sLZcbIKfdYfZIcGThPW8fDg&dib_tag=se&keywords=laptop&qid=1762966254&sprefix=lap%2Caps%2C866&sr=8-115
270,Prime Laptop Bags for Men Office Use | Upto 15.6 inch | Expandable Bottom | Mobile & Pen Compartment with Multiple Organizers | PU Leather | Professional Office Bag for Man & Women - Tan,"1,579",https://amazon.in//sspa/click?ie=UTF8&spc=MTo4MDM5Njc1MDg3NjU0MjkyOjE3NjI5NjYyNTQ6c3Bfc2VhcmNoX3RoZW1hdGljOjMwMDYzMDQwODQ5ODkzMjo6MDo6&url=%2FRIONTO-Messenger-Bag-Expandable-Supports%2Fdp%2FB0C5T56YNY%2Fref%3Dsxin_13_pa_sp_search_thematic_sspa%3Fcontent-id%3Damzn1.sym.f4325b99-8968-4d6c-a274-a54cc530dfac%253Aamzn1.sym.f4325b99-8968-4d6c-a274-a54cc530dfac%26crid%3DBRIHOKR3DFIP%26cv_ct_cx%3Dlaptop%26keywords%3Dlaptop%26pd_rd_i%3DB0C5T56YNY%26pd_rd_r%3Dc2fc4923-ee9b-4a3a-9a72-b7a468fa9130%26pd_rd_w%3DC6FoR%26pd_rd_wg%3DnfAkc%26pf_rd_p%3Df4325b99-8968-4d6c-a274-a54cc530dfac%26pf_rd_r%3D4A5CV7KEKBJ0W1XMWAGJ%26qid%3D1762966254%26sbo%3DRZvfv%252F%252FHxDF%252BO5021pAnSA%253D%253D%26sprefix%3Dlap%252Caps%252C866%26sr%3D1-113-2ec22325-1003-449d-8aaf-c0bcc24717ae-spons%26aref%3DAjshKrbcDm%26sp_csd%3Dd2lkZ2V0TmFtZT1zcF9zZWFyY2hfdGhlbWF0aWM%26psc%3D1&aref=AjshKrbcDm&sp_cr=ZAZ
271,DailyObjects Zippered Sleeve for MacBook & Laptop 11 Inch | Solid Burgundy PU Leather Sleeves with Inner Lining | Durable Stylish Light Weight Sleek Design with Zip Closure,899,https://amazon.in//sspa/click?ie=UTF8&spc=MTo4MDM5Njc1MDg3NjU0MjkyOjE3NjI5NjYyNTQ6c3Bfc2VhcmNoX3RoZW1hdGljOjMwMDE5MDcwMDg4MTgzMjo6MTo6&url=%2FDailyObjects-Burgundy-Leather-Zippered-MacBook%2Fdp%2FB082R8MJCQ%2Fref%3Dsxin_13_pa_sp_search_thematic_sspa%3Fcontent-id%3Damzn1.sym.f4325b99-8968-4d6c-a274-a54cc530dfac%253Aamzn1.sym.f4325b99-8968-4d6c-a274-a54cc530dfac%26crid%3DBRIHOKR3DFIP%26cv_ct_cx%3Dlaptop%26keywords%3Dlaptop%26pd_rd_i%3DB082R8MJCQ%26pd_rd_r%3Dc2fc4923-ee9b-4a3a-9a72-b7a468fa9130%26pd_rd_w%3DC6FoR%26pd_rd_wg%3DnfAkc%26pf_rd_p%3Df4325b99-8968-4d6c-a274-a54cc530dfac%26pf_rd_r%3D4A5CV7KEKBJ0W1XMWAGJ%26qid%3D1762966254%26sbo%3DRZvfv%252F%252FHxDF%252BO5021pAnSA%253D%253D%26sprefix%3Dlap%252Caps%252C866%26sr%3D1-114-2ec22325-1003-449d-8aaf-c0bcc24717ae-spons%26aref%3D2zusrtqXFs%26sp_csd%3Dd2lkZ2V0TmFtZT1zcF9zZWFyY2hfdGhlbWF0aWM%26psc%3D1&aref=2zusrtqXFs&sp_cr=ZAZ
272,"Dell 15, AMD Ryzen 3 7320U Processor (8GB RAM / 512GB SSD/Windows 11 + Office H&S 2024 + M365 / 15.6""(39.62 Cm) FHD Display / 12 Month Mcafee/Carbon Black Color/ 1.63 Kg Thin & Light Laptop","28,990",https://amazon.in//Dell-Inspiron-3535-Windows-Processor/dp/B0DG5CY2Y2/ref=sr_1_26?crid=BRIHOKR3DFIP&dib=eyJ2IjoiMSJ9.-pHuGMubnTtFejBeRwkv1C4crEoIRwv2OU-aWS3tnqXm7HdolD6Q19RHeZzkjdsGjtBWOyVTqKrsHD4uonBjNOprilriFE2Bl-gew3JQ8evR_k79vGGXZiX9kMZji4cJmbIHMP8ce4uWEliMe_-BwHBOjnFfzM1xclE5EzSJHOQ-ASGH2o5qTP77SrLucqtE7C-36zc2ykPLQjQ7wmE2hVsSAxYuQoYCTml-m61d_Os.ANsOfbTzTxfFEtfqwU1kjEJ59PKTss72wiCJiQ1dd5Q&dib_tag=se&keywords=laptop&qid=1762966204&sprefix=lap%2Caps%2C866&sr=8-26
273,"Okami Nomad Laptop Backpack for Laptops Upto 15.6"" with Multi-Purpose Organizer Water Resistant Premium Backpack For Office | 30L Laptop Backpack for Men","3,825",https://amazon.in//sspa/click?ie=UTF8&spc=MTo4MDM5Njc1MDg3NjU0MjkyOjE3NjI5NjYyNTQ6c3Bfc2VhcmNoX3RoZW1hdGljOjMwMDQ0ODg0Nzc3OTMzMjo6Mjo6&url=%2FOkami-Wolf-Multi-Purpose-Organizer-Resistant%2Fdp%2FB0DRYT6TVP%2Fref%3Dsxin_13_pa_sp_search_thematic_sspa%3Fcontent-id%3Damzn1.sym.f4325b99-8968-4d6c-a274-a54cc530dfac%253Aamzn1.sym.f4325b99-8968-4d6c-a274-a54cc530dfac%26crid%3DBRIHOKR3DFIP%26cv_ct_cx%3Dlaptop%26keywords%3Dlaptop%26pd_rd_i%3DB0DRYT6TVP%26pd_rd_r%3Dc2fc4923-ee9b-4a3a-9a72-b7a468fa9130%26pd_rd_w%3DC6FoR%26pd_rd_wg%3DnfAkc%26pf_rd_p%3Df4325b99-8968-4d6c-a274-a54cc530dfac%26pf_rd_r%3D4A5CV7KEKBJ0W1XMWAGJ%26qid%3D1762966254%26sbo%3DRZvfv%252F%252FHxDF%252BO5021pAnSA%253D%253D%26sprefix%3Dlap%252Caps%252C866%26sr%3D1-115-2ec22325-1003-449d-8aaf-c0bcc24717ae-spons%26aref%3DV6RWrmwONS%26sp_csd%3Dd2lkZ2V0TmFtZT1zcF9zZWFyY2hfdGhlbWF0aWM%26psc%3D1&aref=V6RWrmwONS&sp_cr=ZAZ
274,Edge Vegan leather laptop bags for men office use Premium office bag for man | Messenger Bag for Man | Supports Laptop Upto 15.6 inch (Tan),"1,449",https://amazon.in//sspa/click?ie=UTF8&spc=MTo4MDM5Njc1MDg3NjU0MjkyOjE3NjI5NjYyNTQ6c3Bfc2VhcmNoX3RoZW1hdGljOjMwMDYzMDQwODQ5OTEzMjo6Mzo6&url=%2FRIONTO-Messenger-Bag-Leather-Supports%2Fdp%2FB0CX59QYHY%2Fref%3Dsxin_13_pa_sp_search_thematic_sspa%3Fcontent-id%3Damzn1.sym.f4325b99-8968-4d6c-a274-a54cc530dfac%253Aamzn1.sym.f4325b99-8968-4d6c-a274-a54cc530dfac%26crid%3DBRIHOKR3DFIP%26cv_ct_cx%3Dlaptop%26keywords%3Dlaptop%26pd_rd_i%3DB0CX59QYHY%26pd_rd_r%3Dc2fc4923-ee9b-4a3a-9a72-b7a468fa9130%26pd_rd_w%3DC6FoR%26pd_rd_wg%3DnfAkc%26pf_rd_p%3Df4325b99-8968-4d6c-a274-a54cc530dfac%26pf_rd_r%3D4A5CV7KEKBJ0W1XMWAGJ%26qid%3D1762966254%26sbo%3DRZvfv%252F%252FHxDF%252BO5021pAnSA%253D%253D%26sprefix%3Dlap%252Caps%252C866%26sr%3D1-116-2ec22325-1003-449d-8aaf-c0bcc24717ae-spons%26aref%3DXnyF8Q5QE6%26sp_csd%3Dd2lkZ2V0TmFtZT1zcF9zZWFyY2hfdGhlbWF0aWM%26psc%3D1&aref=XnyF8Q5QE6&sp_cr=ZAZ
275,"CarryPro MOJO 20 Ltrs, Everyday Backpack (Fits Laptop Up to 15.6 inch), Roll-Top, Water Resistant Fabric, Ultra Lightweight Backpack for Women and Men,365 Days Warranty, Made In India","1,899",https://amazon.in//sspa/click?ie=UTF8&spc=MTo4MDM5Njc1MDg3NjU0MjkyOjE3NjI5NjYyNTQ6c3Bfc2VhcmNoX3RoZW1hdGljOjMwMDY0MzQ5NjQ3MzQzMjo6NDo6&url=%2FCarryPro-Mojo-Travel-Laptop-Backpack%2Fdp%2FB0BCKCZ3KT%2Fref%3Dsxin_13_pa_sp_search_thematic_sspa%3Fcontent-id%3Damzn1.sym.f4325b99-8968-4d6c-a274-a54cc530dfac%253Aamzn1.sym.f4325b99-8968-4d6c-a274-a54cc530dfac%26crid%3DBRIHOKR3DFIP%26cv_ct_cx%3Dlaptop%26keywords%3Dlaptop%26pd_rd_i%3DB0BCKCZ3KT%26pd_rd_r%3Dc2fc4923-ee9b-4a3a-9a72-b7a468fa9130%26pd_rd_w%3DC6FoR%26pd_rd_wg%3DnfAkc%26pf_rd_p%3Df4325b99-8968-4d6c-a274-a54cc530dfac%26pf_rd_r%3D4A5CV7KEKBJ0W1XMWAGJ%26qid%3D1762966254%26sbo%3DRZvfv%252F%252FHxDF%252BO5021pAnSA%253D%253D%26sprefix%3Dlap%252Caps%252C866%26sr%3D1-117-2ec22325-1003-449d-8aaf-c0bcc24717ae-spons%26aref%3DOZtzx8RpwC%26sp_csd%3Dd2lkZ2V0TmFtZT1zcF9zZWFyY2hfdGhlbWF0aWM%26psc%3D1&aref=OZtzx8RpwC&sp_cr=ZAZ
276,"AXL VayuBook Laptop 14.1 Inch FHD IPS Display (4GB Ram,128GB SSD) 1920 * 1080 Resolution | HD Gemini Lake N4020 | Windows 11 Home | UHD Graphics 600 (Cloud Silver)","12,990",https://amazon.in//AXL-VayuBook-Display-Resolution-Graphics/dp/B0CK5RCXPG/ref=sr_1_116?crid=BRIHOKR3DFIP&dib=eyJ2IjoiMSJ9.f3Z6J48oYWTu16dqgoOT4nl2nHeEGUP9apeq2NtUss1-uCO5roBxhtLx7djmAELGkvSifwBBq-OayNzYyBSB2dqt38c0Yo3IrifSrgIHNbJo788xBVSOFaNEfg3BCgq2c-pMMp57s3f_NwBbfPB-0UXXNrGxb2JQicc-aZ4pwD06u6ihqLzhAMJxKFhETKSWxVLcRb9copQ_2Z0-P9vxWuJlbVXUzanFlUSSRrcb9kA.qygJ5vygXwHy-L_H-JS-sLZcbIKfdYfZIcGThPW8fDg&dib_tag=se&keywords=laptop&qid=1762966254&sprefix=lap%2Caps%2C866&sr=8-116
277,"ASUS Vivobook 16, Snapdragon X, 16GB RAM, 512GB SSD, FHD+ 16"", Windows 11, Office Home 2024, Cool Silver, 1.88kg, X1607QA-MB050WS, Qualcomm Adreno iGPU, 45TOPS, M365 Basic(1Year)* Laptop","57,990",https://amazon.in//ASUS-Vivobook-Snapdragon-Qualcomm-X1607QA-MB050WS/dp/B0DX1TJXRD/ref=sr_1_117?crid=BRIHOKR3DFIP&dib=eyJ2IjoiMSJ9.f3Z6J48oYWTu16dqgoOT4nl2nHeEGUP9apeq2NtUss1-uCO5roBxhtLx7djmAELGkvSifwBBq-OayNzYyBSB2dqt38c0Yo3IrifSrgIHNbJo788xBVSOFaNEfg3BCgq2c-pMMp57s3f_NwBbfPB-0UXXNrGxb2JQicc-aZ4pwD06u6ihqLzhAMJxKFhETKSWxVLcRb9copQ_2Z0-P9vxWuJlbVXUzanFlUSSRrcb9kA.qygJ5vygXwHy-L_H-JS-sLZcbIKfdYfZIcGThPW8fDg&dib_tag=se&keywords=laptop&qid=1762966254&sprefix=lap%2Caps%2C866&sr=8-117
278,"acer Travel Lite 14[New Launch], AMD Ryzen 3-7330U, 16GB RAM, 512GB SSD, 14inch Full HD, UHD Graphics, Premium Metal Body, Windows 11 Pro, MSO 21, 1.34KG, TL14-42M, Thin & Light Laptop","31,990",https://amazon.in//acer-3-7330U-Graphics-Premium-TL14-42M/dp/B0F6MY3GDD/ref=sr_1_118?crid=BRIHOKR3DFIP&dib=eyJ2IjoiMSJ9.f3Z6J48oYWTu16dqgoOT4nl2nHeEGUP9apeq2NtUss1-uCO5roBxhtLx7djmAELGkvSifwBBq-OayNzYyBSB2dqt38c0Yo3IrifSrgIHNbJo788xBVSOFaNEfg3BCgq2c-pMMp57s3f_NwBbfPB-0UXXNrGxb2JQicc-aZ4pwD06u6ihqLzhAMJxKFhETKSWxVLcRb9copQ_2Z0-P9vxWuJlbVXUzanFlUSSRrcb9kA.qygJ5vygXwHy-L_H-JS-sLZcbIKfdYfZIcGThPW8fDg&dib_tag=se&keywords=laptop&qid=1762966254&sprefix=lap%2Caps%2C866&sr=8-118
279,"acer Aspire Lite, 12th gen, Intel Core i5-12450H Processor, 16 GB, 512GB, 15.6""/39.62 cm, Windows 11 Home, MSO, Pure Silver, 1.70 kg, AL15-52H, Backlit Keyboard","44,990",https://amazon.in//Acer-i5-12450H-Windows11Home-AL15-52H-Keyboard/dp/B0DDL495SX/ref=sr_1_119?crid=BRIHOKR3DFIP&dib=eyJ2IjoiMSJ9.f3Z6J48oYWTu16dqgoOT4nl2nHeEGUP9apeq2NtUss1-uCO5roBxhtLx7djmAELGkvSifwBBq-OayNzYyBSB2dqt38c0Yo3IrifSrgIHNbJo788xBVSOFaNEfg3BCgq2c-pMMp57s3f_NwBbfPB-0UXXNrGxb2JQicc-aZ4pwD06u6ihqLzhAMJxKFhETKSWxVLcRb9copQ_2Z0-P9vxWuJlbVXUzanFlUSSRrcb9kA.qygJ5vygXwHy-L_H-JS-sLZcbIKfdYfZIcGThPW8fDg&dib_tag=se&keywords=laptop&qid=1762966254&sprefix=lap%2Caps%2C866&sr=8-119
280,"MSI Thin A15, Ryzen 5 7535HS, 40CM FHD 144Hz Gaming Laptop(16GB/512 GB NVMe SSD/Windows 11 Home/NVIDIA GeForce RTX 2050, GDDR6 4GB/Cosmos Gray/1.86Kg), B7UCX-068IN","52,990",https://amazon.in//MSI-7535HS-Windows-GeForce-B7UCX-068IN/dp/B0CV5DR3ZQ/ref=sr_1_120?crid=BRIHOKR3DFIP&dib=eyJ2IjoiMSJ9.f3Z6J48oYWTu16dqgoOT4nl2nHeEGUP9apeq2NtUss1-uCO5roBxhtLx7djmAELGkvSifwBBq-OayNzYyBSB2dqt38c0Yo3IrifSrgIHNbJo788xBVSOFaNEfg3BCgq2c-pMMp57s3f_NwBbfPB-0UXXNrGxb2JQicc-aZ4pwD06u6ihqLzhAMJxKFhETKSWxVLcRb9copQ_2Z0-P9vxWuJlbVXUzanFlUSSRrcb9kA.qygJ5vygXwHy-L_H-JS-sLZcbIKfdYfZIcGThPW8fDg&dib_tag=se&keywords=laptop&qid=1762966254&sprefix=lap%2Caps%2C866&sr=8-120
281,"Lenovo IdeaPad 1 AMD Ryzen 5 5500U 15.6"" HD Thin and Light Laptop (8GB RAM/512GB SSD/Windows 11 Home/Office Home 2024/1 Year ADP Free/Grey/1.6Kg), 82R4011MIN","33,950",https://amazon.in//Lenovo-MSOffice-82R400BRIN-Integrated-Graphics/dp/B09MM58Y7Q/ref=sr_1_121?crid=BRIHOKR3DFIP&dib=eyJ2IjoiMSJ9.f3Z6J48oYWTu16dqgoOT4nl2nHeEGUP9apeq2NtUss1-uCO5roBxhtLx7djmAELGkvSifwBBq-OayNzYyBSB2dqt38c0Yo3IrifSrgIHNbJo788xBVSOFaNEfg3BCgq2c-pMMp57s3f_NwBbfPB-0UXXNrGxb2JQicc-aZ4pwD06u6ihqLzhAMJxKFhETKSWxVLcRb9copQ_2Z0-P9vxWuJlbVXUzanFlUSSRrcb9kA.qygJ5vygXwHy-L_H-JS-sLZcbIKfdYfZIcGThPW8fDg&dib_tag=se&keywords=laptop&qid=1762966254&sprefix=lap%2Caps%2C866&sr=8-121
282,"Chuwi GemiBook Plus 15.6'' Laptop Intel N150(up to 3.60 GHz) 16GB LPDDR5 RAM 512GB SSD| Windows 11| Intel Graphics| IPS FHD 2K, Laptop for Office, Movie, Study| HDMI, WiFi 6, BT5.2, USB 3.0, Webcam","23,990",https://amazon.in//Chuwi-GemiBook-Plus-Windows-Bluetooth/dp/B0CP98WK8J/ref=sr_1_122?crid=BRIHOKR3DFIP&dib=eyJ2IjoiMSJ9.f3Z6J48oYWTu16dqgoOT4nl2nHeEGUP9apeq2NtUss1-uCO5roBxhtLx7djmAELGkvSifwBBq-OayNzYyBSB2dqt38c0Yo3IrifSrgIHNbJo788xBVSOFaNEfg3BCgq2c-pMMp57s3f_NwBbfPB-0UXXNrGxb2JQicc-aZ4pwD06u6ihqLzhAMJxKFhETKSWxVLcRb9copQ_2Z0-P9vxWuJlbVXUzanFlUSSRrcb9kA.qygJ5vygXwHy-L_H-JS-sLZcbIKfdYfZIcGThPW8fDg&dib_tag=se&keywords=laptop&qid=1762966254&sprefix=lap%2Caps%2C866&sr=8-122
